instance,algorithm,position,job_id
1,STD,1319,17 9 3 14 16 15 6 4 5 18 11 13 19 1 2 8 10 7 20 12
1,BLOCK,1433,17 9 15 13 14 16 11 8 19 6 5 4 18 2 1 10 7 20 12 3
2,STD,1365,19 14 6 20 3 17 9 12 10 7 18 1 16 15 4 13 5 2 11 8
2,BLOCK,1461,20 9 12 7 1 13 5 11 16 3 19 4 17 10 6 15 2 8 18 14
3,STD,1165,16 4 20 18 3 7 12 10 13 1 5 9 19 14 17 6 2 11 8 15
3,BLOCK,1353,16 19 13 4 8 10 3 20 18 11 14 7 1 12 5 17 9 6 15 2
4,STD,1329,13 9 16 11 10 7 19 20 17 15 1 5 2 12 6 8 14 3 4 18
4,BLOCK,1526,13 9 16 17 4 20 11 15 10 19 7 2 1 5 12 8 14 3 6 18
5,STD,1305,3 19 9 13 7 20 12 16 10 17 4 5 18 6 2 15 14 11 8 1
5,BLOCK,1388,3 12 10 19 9 18 7 20 15 4 13 17 16 6 2 14 11 8 1 5
6,STD,1269,20 11 13 14 6 17 12 10 7 8 18 15 16 9 4 1 19 5 2 3
6,BLOCK,1458,2 20 11 13 6 7 5 14 8 1 17 12 15 16 18 10 9 4 19 3
7,STD,1256,5 11 20 16 8 6 15 12 19 17 9 4 3 2 1 7 13 14 18 10
7,BLOCK,1456,10 13 11 20 5 8 6 3 7 15 4 2 9 1 16 17 19 18 12 14
8,STD,1227,17 12 9 2 14 4 10 18 16 19 7 8 6 5 20 15 13 3 1 11
8,BLOCK,1456,12 17 6 9 1 3 2 14 5 16 18 19 10 20 8 7 13 4 15 11
9,STD,1284,4 2 20 16 18 17 14 12 1 9 7 8 6 11 3 19 13 5 15 10
9,BLOCK,1457,4 10 2 15 12 16 7 20 18 17 3 8 1 6 19 14 11 9 13 5
10,STD,1153,7 19 11 12 6 10 15 2 8 16 1 13 3 4 18 14 17 5 20 9
10,BLOCK,1349,11 7 19 12 15 16 6 10 13 1 2 8 3 4 18 14 17 9 5 20
11,STD,1668,2 9 12 17 15 18 5 10 3 6 20 13 8 14 19 11 4 7 1 16
11,BLOCK,1798,18 5 3 9 12 6 15 10 13 20 4 17 8 19 11 14 7 2 1 16
12,STD,1764,17 12 19 5 15 6 13 7 11 10 1 3 9 20 2 18 16 8 14 4
12,BLOCK,1903,12 13 17 9 19 5 8 4 20 11 15 7 10 1 2 16 14 3 6 18
13,STD,1558,4 9 16 7 2 1 5 12 13 11 20 15 14 17 6 10 3 18 8 19
13,BLOCK,1765,4 7 9 16 12 13 5 2 11 14 6 18 15 10 20 19 17 1 3 8
14,STD,1418,3 11 4 20 18 9 13 16 1 10 15 2 8 7 6 19 12 14 5 17
14,BLOCK,1625,18 11 20 3 12 9 6 4 16 1 10 2 15 5 13 7 14 17 8 19
15,STD,1502,16 8 4 20 18 14 15 13 9 6 1 7 3 17 2 5 19 12 11 10
15,BLOCK,1722,16 8 18 20 14 15 1 7 2 19 9 6 13 10 12 4 5 3 17 11
16,STD,1453,20 8 19 18 16 11 14 3 6 15 13 4 5 7 12 17 10 9 2 1
16,BLOCK,1668,8 16 18 19 14 6 7 3 13 4 5 17 20 15 10 11 9 2 1 12
17,STD,1542,19 4 7 6 17 10 20 1 8 18 3 9 2 5 16 14 15 13 11 12
17,BLOCK,1734,19 6 1 7 9 17 8 16 18 20 3 2 14 5 13 12 4 11 10 15
18,STD,1620,8 7 18 14 20 4 19 2 9 6 11 1 13 17 3 15 5 16 10 12
18,BLOCK,1814,7 17 8 18 14 2 1 9 6 11 10 3 13 20 19 15 5 4 16 12
19,STD,1664,8 11 17 4 2 14 9 19 3 20 16 13 18 1 6 7 15 10 5 12
19,BLOCK,1832,14 12 8 17 4 2 20 19 3 1 6 7 15 13 18 16 10 5 11 9
20,STD,1656,5 13 17 9 19 4 7 8 16 20 2 3 14 10 18 6 1 15 12 11
20,BLOCK,1854,5 16 14 13 19 4 17 9 7 8 2 20 10 18 15 6 1 11 12 3
21,STD,2404,16 18 15 4 10 8 9 12 13 11 20 5 14 2 1 17 3 6 7 19
21,BLOCK,2530,16 18 5 14 8 10 3 15 1 12 13 9 11 20 2 6 4 17 7 19
22,STD,2127,18 3 11 4 1 12 13 16 19 15 5 6 14 8 10 20 9 7 17 2
22,BLOCK,2285,18 3 11 4 15 12 6 16 14 13 5 19 8 10 20 1 7 17 9 2
23,STD,2401,5 19 4 11 20 13 1 9 16 15 18 3 17 12 10 8 14 6 2 7
23,BLOCK,2566,2 19 4 5 9 16 17 12 11 20 1 3 15 13 18 10 14 6 8 7
24,STD,2262,14 3 18 5 2 8 12 4 6 11 20 15 13 1 7 19 16 10 17 9
24,BLOCK,2399,14 3 18 8 6 20 2 4 12 15 1 7 5 13 19 16 10 9 17 11
25,STD,2397,10 9 19 11 15 13 5 2 3 17 18 4 20 12 14 1 16 6 8 7
25,BLOCK,2538,10 5 9 4 2 7 15 3 17 20 19 1 13 11 12 16 18 14 6 8
26,STD,2349,18 6 8 20 16 9 17 4 13 15 10 2 14 5 1 3 7 12 11 19
26,BLOCK,2467,18 6 8 20 1 16 2 13 9 5 17 15 10 4 3 7 12 14 11 19
27,STD,2362,10 12 16 14 5 19 18 6 7 17 4 2 11 15 20 8 9 3 1 13
27,BLOCK,2475,17 10 12 9 16 14 18 2 19 11 5 20 6 8 1 3 4 7 15 13
28,STD,2249,4 2 16 10 20 5 1 14 6 7 3 11 17 19 13 12 8 18 15 9
28,BLOCK,2411,4 10 14 11 7 20 2 5 13 17 3 12 19 8 6 18 15 16 1 9
29,STD,2306,1 17 11 8 2 13 14 18 3 7 16 9 10 6 15 4 12 19 20 5
29,BLOCK,2421,1 8 17 13 6 11 2 14 4 7 18 10 12 3 20 9 15 16 19 5
30,STD,2277,6 3 17 8 19 15 12 9 10 16 1 2 13 5 7 18 4 11 20 14
30,BLOCK,2409,7 6 3 17 13 19 15 12 2 9 8 10 5 1 18 11 4 20 16 14
31,STD,2730,41 26 50 18 34 32 13 49 21 17 5 42 8 25 44 38 39 27 22 45 2 11 1 28 29 46 9 40 14 12 43 6 4 31 24 15 47 16 33 10 7 48 23 30 3 20 35 19 37 36
31,BLOCK,3310,10 31 32 34 27 22 28 25 43 8 11 45 26 9 47 16 13 7 12 6 18 41 30 19 23 24 3 38 46 17 39 40 42 48 50 49 44 21 4 29 2 5 14 15 1 33 20 35 37 36
32,STD,2882,33 15 37 7 10 2 49 46 30 38 22 27 35 24 14 19 13 5 25 48 40 32 50 12 34 26 20 31 39 44 16 28 18 9 43 6 8 21 17 45 42 41 3 29 47 1 11 4 23 36
32,BLOCK,3551,49 50 33 36 37 2 45 43 21 46 9 22 7 11 27 3 14 23 18 47 42 38 10 15 6 5 8 44 39 29 17 41 35 40 32 24 48 20 1 34 25 26 19 13 28 30 12 16 31 4
33,STD,2625,27 8 22 2 16 24 37 35 36 18 3 40 15 30 33 34 46 7 4 10 45 20 41 1 32 5 13 26 25 23 6 9 43 31 48 47 11 29 17 38 50 42 19 28 49 44 14 21 12 39
33,BLOCK,3310,27 2 1 29 24 33 3 46 11 12 15 36 34 16 49 4 5 25 21 26 22 23 37 39 18 19 35 17 41 7 10 45 20 48 28 40 38 47 43 9 13 32 50 42 44 30 31 6 14 8
34,STD,2783,42 26 12 22 50 9 37 4 3 32 15 7 21 35 30 16 24 14 19 47 18 11 10 27 20 46 36 5 45 34 28 8 33 39 25 13 29 48 38 1 31 17 6 41 2 43 23 49 40 44
34,BLOCK,3405,42 2 28 3 7 21 32 27 26 15 23 43 31 22 49 12 20 14 47 1 45 16 38 36 41 50 6 5 46 18 24 39 37 10 25 19 35 29 11 4 13 8 33 48 17 34 9 40 44 30
35,STD,2876,46 48 21 39 1 40 8 37 41 7 16 30 35 44 9 12 14 36 2 43 23 20 4 3 22 34 47 28 31 11 15 26 6 38 5 49 29 50 17 19 25 10 24 32 13 18 45 33 27 42
35,BLOCK,3497,46 48 21 1 43 35 40 23 14 22 2 47 11 15 26 18 29 16 31 30 20 36 10 12 25 9 34 13 7 27 32 39 19 50 38 5 24 4 41 8 37 6 28 17 49 44 45 33 3 42
36,STD,2842,28 4 41 21 35 29 11 44 38 46 32 10 9 30 23 49 18 43 47 39 15 7 17 20 8 25 13 45 16 24 36 3 6 34 5 1 50 37 19 40 2 26 48 14 42 22 27 33 12 31
36,BLOCK,3381,4 21 31 29 11 39 44 10 23 17 38 7 26 15 13 45 42 37 46 49 43 8 36 6 34 20 30 19 3 18 35 2 14 9 5 24 50 48 22 28 33 32 1 16 12 47 40 41 25 27
37,STD,2802,40 27 37 5 13 12 25 34 21 24 20 2 32 42 49 22 46 10 30 31 35 23 33 4 45 11 44 48 19 39 38 1 29 8 15 9 6 17 7 50 43 18 41 3 47 36 14 26 16 28
37,BLOCK,3259,27 40 42 34 38 22 16 19 5 47 49 21 14 8 25 1 13 18 32 7 37 4 41 50 43 45 15 46 6 12 31 35 33 48 17 11 36 20 30 23 29 24 9 2 10 39 44 3 26 28
38,STD,2688,34 7 47 43 36 10 26 8 31 18 25 15 37 14 28 5 46 16 44 19 6 21 39 24 48 29 45 9 20 1 50 3 33 30 11 27 49 12 41 32 23 42 35 22 13 17 2 4 38 40
38,BLOCK,3301,34 8 25 18 19 28 44 41 3 10 37 29 24 21 36 35 33 2 49 27 23 38 7 50 17 9 5 31 46 43 16 15 14 30 22 20 47 26 1 6 39 45 12 48 11 42 32 4 13 40
39,STD,2575,24 13 10 16 44 15 46 43 49 40 33 5 30 20 3 2 11 47 48 25 45 19 21 34 26 7 38 23 28 36 32 39 1 6 37 22 18 31 41 12 14 35 27 29 50 9 42 4 17 8
39,BLOCK,3117,46 1 3 40 18 9 10 28 7 44 15 33 19 25 36 43 22 37 39 21 13 29 12 45 34 32 41 42 6 48 30 50 24 11 49 38 2 26 20 47 16 5 23 35 27 31 4 8 17 14
40,STD,2786,6 34 1 39 31 48 27 8 33 35 2 11 30 42 19 18 49 15 50 24 29 10 5 40 4 47 7 16 22 17 43 38 41 46 3 14 9 13 32 28 37 26 45 44 23 20 36 21 12 25
40,BLOCK,3407,6 34 48 20 36 23 19 43 44 31 33 30 21 50 27 2 42 15 11 26 24 5 28 46 47 40 4 37 7 17 8 39 18 3 41 49 10 35 16 14 38 9 13 1 12 45 29 22 25 32
41,STD,3133,25 20 27 42 30 38 43 8 36 4 34 44 49 2 14 12 10 15 11 29 6 3 16 28 23 9 31 47 13 17 22 18 40 41 5 46 21 33 1 32 37 7 45 50 35 26 48 19 24 39
41,BLOCK,3895,42 44 33 20 36 35 22 49 24 43 14 38 2 4 10 46 25 15 23 11 17 21 47 13 6 29 34 3 9 18 31 12 40 28 5 45 16 50 41 8 32 26 30 37 7 19 1 48 39 27
42,STD,3042,12 49 3 33 47 18 28 31 10 42 20 23 38 25 39 34 5 43 29 14 16 19 6 46 4 36 21 35 50 8 32 37 44 9 40 15 41 7 2 13 11 26 27 45 17 30 24 48 1 22
42,BLOCK,3776,35 50 46 1 11 12 27 34 45 6 18 14 29 31 28 39 20 43 16 13 32 23 44 47 19 36 40 21 15 8 4 37 5 33 3 9 38 26 17 10 49 42 25 41 2 30 7 24 22 48
43,STD,3029,24 4 10 49 25 11 7 45 46 20 32 33 1 47 23 30 38 17 41 29 9 3 39 42 22 12 5 18 19 43 40 31 48 34 28 13 26 16 14 35 2 37 27 15 50 44 36 6 21 8
43,BLOCK,3819,24 4 19 49 16 10 28 25 46 45 12 37 7 5 17 18 2 26 27 33 47 40 34 38 20 29 1 32 50 11 42 41 43 48 9 13 35 44 30 6 3 23 31 14 21 39 22 15 36 8
44,STD,3158,5 20 22 37 28 13 24 10 39 18 48 2 8 6 14 33 36 3 16 1 45 41 40 47 4 23 38 19 12 15 46 34 11 35 29 26 31 44 17 30 25 7 50 32 21 43 49 27 9 42
44,BLOCK,3981,20 5 22 42 9 10 31 13 7 8 19 17 18 24 28 39 14 2 12 30 11 36 41 1 47 38 15 26 32 4 21 40 37 46 44 48 34 23 25 35 43 16 6 49 3 45 33 29 27 50
45,STD,3154,6 46 42 14 33 31 36 48 50 15 11 10 12 49 38 17 20 5 4 22 18 16 47 1 28 24 40 27 35 41 8 39 7 3 13 37 19 9 34 2 45 29 26 21 43 32 44 30 23 25
45,BLOCK,3926,6 42 1 48 10 46 34 14 7 40 16 17 49 35 23 38 47 28 31 13 43 18 4 11 26 24 5 2 15 27 3 22 8 41 37 19 9 45 21 33 12 30 50 39 25 44 20 29 36 32
46,STD,3127,9 5 3 42 2 40 24 14 28 7 30 44 25 29 13 34 39 32 10 50 6 1 48 46 37 36 20 17 11 22 41 47 8 19 49 43 27 26 18 31 45 21 15 38 33 23 4 35 16 12
46,BLOCK,3844,3 11 24 9 10 25 14 33 27 17 2 13 30 46 1 29 36 18 48 43 32 6 50 22 8 21 23 35 40 37 49 39 47 45 19 26 31 34 15 42 28 38 5 12 20 4 41 44 16 7
47,STD,3311,32 46 2 9 27 1 10 16 12 20 28 49 44 45 3 24 22 34 37 6 19 17 41 5 14 7 50 21 25 43 33 23 47 29 42 39 8 30 26 31 11 13 15 35 36 48 38 4 40 18
47,BLOCK,3916,41 6 49 37 10 32 9 7 16 1 29 24 19 5 12 14 50 36 43 47 39 3 22 8 23 48 26 46 27 44 33 17 2 21 28 15 20 34 11 35 42 45 4 30 25 31 40 13 18 38
48,STD,3140,6 13 11 18 7 15 1 31 44 26 47 46 16 50 2 19 12 4 33 35 45 30 37 23 29 8 14 10 43 25 42 36 24 5 48 20 22 17 21 9 3 32 49 27 41 38 34 39 28 40
48,BLOCK,3807,21 1 26 6 15 14 17 40 29 47 19 22 24 8 18 46 16 50 42 3 10 30 43 9 35 2 7 11 44 12 36 45 33 37 25 23 49 48 31 32 41 13 38 5 20 34 4 39 27 28
49,STD,3017,44 22 27 33 30 6 21 23 39 16 18 46 37 36 28 40 48 47 9 31 12 42 4 32 8 3 26 35 1 2 11 17 41 14 20 5 15 24 50 34 7 13 10 25 19 29 45 38 43 49
49,BLOCK,3851,44 16 27 47 36 10 28 23 42 9 30 15 20 40 1 26 7 45 13 5 50 31 18 32 8 6 48 4 3 2 19 21 11 37 46 35 39 17 34 22 41 14 12 24 43 38 49 25 33 29
50,STD,3258,11 42 47 6 39 21 41 15 49 1 17 12 36 27 33 32 16 30 44 26 8 3 13 20 43 48 34 24 4 22 25 29 35 5 28 9 46 40 37 31 19 18 23 14 7 38 10 50 45 2
50,BLOCK,3906,49 15 11 42 8 40 39 28 44 37 4 22 6 1 32 16 27 3 20 48 43 25 17 26 7 35 5 24 47 46 31 36 30 12 34 18 9 29 50 13 10 21 23 2 38 33 41 14 45 19
51,STD,4054,35 20 28 10 45 33 43 34 42 29 37 6 21 46 24 1 41 47 31 12 32 16 14 17 8 19 36 48 15 11 5 26 49 38 27 7 39 22 23 18 4 30 2 13 40 9 44 25 3 50
51,BLOCK,4846,35 31 39 6 47 32 10 36 20 1 22 40 8 42 46 9 16 2 26 48 7 50 29 34 17 15 23 18 38 30 19 45 41 28 37 14 27 44 43 24 11 13 5 4 33 49 25 21 12 3
52,STD,3909,33 20 32 43 38 37 45 17 42 7 50 41 49 14 30 6 1 31 11 25 26 15 44 46 35 29 5 40 36 47 34 18 10 22 12 13 48 39 2 28 4 16 23 21 19 3 24 27 8 9
52,BLOCK,4635,32 33 20 43 31 41 48 37 35 47 11 16 45 29 3 26 15 44 1 14 13 12 42 39 46 5 10 2 6 25 30 18 49 34 23 17 38 7 28 50 4 22 36 21 40 24 27 19 9 8
53,STD,3913,24 27 12 15 4 28 8 16 45 22 5 17 32 11 46 36 2 9 38 47 43 19 48 49 39 26 3 21 44 25 30 34 20 23 37 33 18 6 1 35 29 13 7 41 42 31 14 10 40 50
53,BLOCK,4669,24 49 16 27 12 46 45 6 15 23 39 22 11 41 8 5 26 18 2 40 37 3 32 31 14 38 35 36 1 43 19 28 48 44 34 20 7 33 17 9 21 47 4 29 30 42 25 10 13 50
54,STD,3956,5 20 4 13 24 30 11 40 48 23 21 45 50 3 36 39 49 17 16 44 41 19 18 8 22 38 14 7 12 31 37 33 9 42 29 25 32 43 46 35 6 15 2 10 26 47 1 34 27 28
54,BLOCK,4724,5 20 47 19 1 45 24 36 11 44 30 48 39 8 14 23 34 4 13 38 15 3 32 26 31 33 2 46 25 37 27 40 17 42 49 35 29 9 18 22 6 50 7 21 12 43 10 41 16 28
55,STD,3906,48 2 40 19 43 23 33 5 25 4 18 45 9 20 47 32 17 34 10 22 6 38 8 39 27 44 50 31 13 21 28 26 42 16 46 3 36 14 41 12 29 11 37 49 24 7 15 1 35 30
55,BLOCK,4475,40 4 28 48 2 19 25 7 23 20 33 42 16 45 32 18 50 37 47 17 10 38 8 22 3 36 44 6 49 24 13 34 9 27 1 21 39 14 41 26 12 15 46 29 5 43 31 30 35 11
56,STD,3888,21 14 50 6 33 45 16 37 42 20 40 32 31 46 29 11 27 28 36 8 18 23 5 25 2 1 49 30 3 39 4 7 19 47 43 15 24 41 13 10 26 12 22 35 34 9 48 17 44 38
56,BLOCK,4566,14 3 37 49 33 50 21 24 18 39 47 27 20 6 45 17 35 16 40 31 32 36 13 46 48 41 28 11 25 30 1 4 2 42 8 43 22 10 34 26 19 15 5 23 7 44 9 29 12 38
57,STD,3968,20 4 46 41 29 14 45 10 43 28 15 13 26 8 23 12 34 1 5 38 48 18 11 49 32 27 37 22 24 47 36 31 17 35 50 19 3 2 21 39 40 30 33 42 7 9 6 25 44 16
57,BLOCK,4600,4 20 41 21 23 22 38 13 30 8 24 14 28 31 11 34 46 12 49 48 29 27 36 50 19 1 3 45 47 17 32 37 35 40 9 39 33 7 10 6 2 5 25 44 15 18 26 43 42 16
58,STD,3966,32 20 30 8 31 9 50 28 7 6 38 26 3 15 13 21 25 41 16 18 49 27 29 11 5 35 19 4 12 24 48 47 42 17 36 37 22 34 14 33 40 45 10 43 39 2 46 1 23 44
58,BLOCK,4756,32 33 30 6 8 20 36 3 5 47 41 49 26 4 7 27 35 2 48 19 13 9 43 24 23 38 29 14 18 17 12 25 40 22 28 16 45 21 34 15 31 10 42 37 11 46 50 39 1 44
59,STD,3918,37 14 29 32 28 46 38 30 18 1 26 50 3 27 6 7 24 41 8 17 22 49 45 47 13 42 11 48 34 10 21 23 36 5 16 31 12 33 4 43 40 39 19 9 2 20 25 15 44 35
59,BLOCK,4576,35 37 32 14 34 28 17 50 1 12 46 43 30 26 18 9 27 24 16 8 48 41 49 11 21 36 47 10 13 7 33 42 31 22 19 2 29 6 38 40 4 23 5 3 25 45 20 15 39 44
60,STD,4015,36 19 10 38 14 33 15 35 22 1 3 37 2 8 50 47 9 32 21 18 46 31 28 27 42 44 16 23 24 25 12 5 30 48 17 11 6 7 39 43 40 13 29 20 49 45 41 26 4 34
60,BLOCK,4793,36 3 10 33 1 8 20 37 50 32 29 31 48 39 35 7 22 41 25 2 42 47 5 11 49 9 23 18 14 30 12 27 40 44 43 38 21 28 15 24 16 17 19 46 13 45 6 4 26 34
61,STD,5535,40 96 85 58 90 60 19 6 49 87 80 31 71 74 11 35 93 7 29 20 34 95 53 36 94 18 56 25 22 76 61 17 50 9 3 30 48 91 99 21 51 70 77 32 44 73 75 39 27 41 47 89 92 81 5 82 86 72 59 78 46 12 55 67 14 97 33 24 28 10 43 2 57 52 15 88 42 62 100 4 13 98 38 16 64 69 8 54 26 37 63 83 66 65 45 23 79 1 84 68
61,BLOCK,6762,10 93 19 84 40 39 90 31 11 45 48 25 9 57 70 67 22 2 80 88 29 83 33 34 73 75 41 81 58 100 43 44 37 14 64 35 85 98 28 87 26 16 95 4 74 8 15 3 69 53 23 72 71 66 68 97 99 49 38 52 91 36 30 12 6 96 51 13 21 55 32 59 60 76 61 82 24 65 50 46 1 20 77 56 62 7 94 42 17 78 79 18 86 5 27 92 63 89 54 47
62,STD,5288,46 16 45 77 86 58 29 83 15 76 90 79 5 7 6 17 65 54 3 22 61 1 11 87 28 80 70 59 31 74 21 36 4 20 95 23 55 57 26 60 100 10 9 92 27 71 43 66 67 24 85 50 25 8 78 37 40 63 75 64 35 91 99 51 34 14 84 39 41 30 42 12 32 68 2 81 93 33 89 52 98 96 49 18 38 94 44 97 19 62 13 48 82 56 72 47 73 69 88 53
62,BLOCK,6568,46 79 88 15 54 7 82 37 77 33 20 45 56 86 31 92 39 58 68 19 28 34 78 3 22 11 74 87 4 55 41 38 93 76 40 97 90 26 100 61 80 60 43 29 14 51 17 89 5 98 99 53 65 83 16 8 12 24 70 72 9 42 59 67 66 25 75 57 32 36 64 30 94 85 47 1 71 6 48 18 35 50 96 63 84 23 95 27 49 21 2 44 62 91 13 81 73 52 10 69
63,STD,5219,68 42 82 60 89 43 41 1 97 12 30 25 14 59 16 70 58 77 86 9 13 62 40 54 6 81 21 15 47 29 17 44 88 91 28 84 3 66 76 80 93 4 45 79 20 2 63 35 69 11 61 18 46 72 85 95 87 26 65 73 51 23 92 38 8 96 10 67 78 56 34 98 27 32 24 83 71 19 31 74 99 100 49 37 50 52 53 90 94 75 33 5 64 22 57 7 39 48 36 55
63,BLOCK,6431,55 68 30 59 54 81 79 37 74 44 33 52 76 56 13 1 51 71 90 40 18 25 23 17 88 31 97 77 10 62 99 98 7 32 27 69 39 82 12 14 21 24 35 53 80 45 29 70 47 84 87 66 3 48 9 15 20 46 95 34 22 42 65 11 60 41 89 43 58 26 86 19 75 83 4 92 93 8 5 36 67 91 6 100 61 57 2 49 73 78 63 72 50 85 16 64 96 94 38 28
64,STD,5023,20 55 23 49 82 81 7 69 37 26 92 98 18 11 6 90 75 46 95 45 15 12 1 74 19 57 10 60 50 34 2 32 94 25 62 22 100 39 87 68 79 16 48 21 85 53 4 29 80 24 70 73 41 59 3 36 30 8 66 86 84 83 47 51 89 5 44 72 99 76 52 31 96 33 40 13 27 91 97 35 9 88 71 64 54 67 17 43 58 63 61 42 77 28 65 78 14 93 56 38
64,BLOCK,6172,96 67 82 92 75 25 11 6 12 48 15 100 53 29 36 5 19 91 60 10 40 26 69 97 46 84 4 90 94 27 63 50 35 7 28 20 14 73 39 98 74 47 34 87 41 68 24 30 1 8 89 77 22 71 86 62 2 44 99 72 61 13 3 9 33 88 56 85 52 49 79 23 65 93 45 59 55 57 51 38 95 66 54 80 78 70 31 58 21 16 37 18 83 32 64 76 17 81 43 42
65,STD,5266,12 41 51 21 67 47 64 92 77 20 56 7 69 54 48 59 25 65 19 23 89 72 50 91 68 15 73 3 2 35 88 30 55 38 44 9 40 57 98 26 85 24 4 45 42 60 81 71 43 96 14 80 11 34 31 6 32 62 84 66 46 29 99 13 49 36 74 5 93 37 63 100 86 52 78 95 27 90 61 39 70 28 53 10 16 17 76 75 94 22 82 8 58 97 33 87 18 79 83 1
65,BLOCK,6442,72 41 51 16 58 86 5 67 93 20 53 60 54 48 27 3 66 46 88 26 25 85 30 17 95 57 97 33 18 98 2 11 82 55 7 69 71 81 59 15 65 35 62 9 32 40 45 42 43 80 34 13 61 99 52 29 44 70 100 28 96 92 21 84 56 19 38 14 89 23 31 6 49 36 90 73 50 87 24 74 68 10 77 12 94 22 75 91 8 4 78 47 39 37 64 76 83 63 79 1
66,STD,5139,54 49 57 20 37 88 94 3 61 85 92 82 24 97 70 28 45 67 10 19 17 35 81 22 14 48 11 93 13 75 73 43 40 72 63 71 53 12 1 47 69 52 51 46 68 27 62 60 18 44 50 41 64 91 56 55 59 74 84 4 8 29 33 5 100 80 34 31 21 39 78 7 96 86 25 30 15 16 6 66 89 65 87 23 83 38 9 36 58 98 79 76 95 42 90 32 99 77 2 26
66,BLOCK,6323,61 70 1 95 69 54 51 20 88 97 93 82 64 38 87 11 81 22 74 43 25 41 71 13 96 60 10 79 17 44 62 7 67 84 18 30 40 35 63 24 52 66 48 9 100 23 45 15 14 68 34 53 39 92 21 49 47 19 6 26 86 57 37 3 27 98 72 8 5 91 76 28 59 75 89 16 58 55 42 56 80 65 36 85 73 33 99 2 78 94 32 31 50 12 46 77 83 90 29 4
67,STD,5272,19 45 98 89 40 29 66 86 41 52 9 73 56 26 93 90 51 58 63 42 36 37 17 57 25 3 23 39 74 11 87 100 78 31 75 35 95 50 2 83 91 65 92 84 34 69 12 43 30 27 18 54 13 10 88 44 61 59 33 47 60 53 48 94 80 82 97 68 46 70 72 67 49 1 21 32 4 99 81 85 64 38 77 76 8 24 14 16 22 7 62 20 5 96 71 15 55 6 28 79
67,BLOCK,6578,6 13 19 86 36 90 72 42 61 29 18 49 70 97 37 52 73 39 60 31 59 87 9 68 33 23 74 26 63 51 4 58 91 27 95 77 8 85 21 43 32 54 24 38 46 3 53 81 10 94 69 16 100 96 64 14 62 71 15 7 12 98 22 75 89 2 80 66 76 40 67 45 44 92 11 57 93 78 84 56 65 83 17 30 41 34 25 88 48 47 82 1 99 28 50 35 20 5 79 55
68,STD,5129,29 98 56 53 21 83 80 97 40 85 47 96 64 79 54 59 31 69 1 57 32 52 12 84 39 71 91 20 55 74 7 11 60 100 24 17 77 23 37 88 86 94 9 35 51 49 44 14 81 58 6 78 13 42 41 4 10 75 62 26 38 18 22 16 99 63 19 28 8 61 76 89 45 50 30 46 68 93 65 70 2 36 92 48 33 5 43 3 87 67 25 34 72 27 15 73 82 90 66 95
68,BLOCK,6331,42 12 44 31 66 100 68 83 23 51 43 24 60 58 84 94 39 81 32 49 3 45 64 70 80 91 96 93 4 59 61 11 69 62 92 77 71 78 37 10 88 20 16 13 34 18 48 52 35 76 75 5 85 72 73 67 17 27 46 55 99 14 25 2 74 9 54 79 47 57 38 63 28 33 7 50 89 19 26 8 65 36 87 97 30 15 82 6 53 29 98 56 90 86 1 21 22 41 40 95
69,STD,5489,70 9 84 57 6 19 75 80 51 21 59 28 2 34 49 97 54 73 16 93 4 81 100 5 98 43 29 36 48 52 96 23 67 92 37 33 87 11 41 86 60 58 68 85 53 88 31 61 44 77 7 14 38 62 76 25 74 55 89 63 3 94 22 1 64 13 91 95 40 47 12 83 99 32 78 66 8 20 71 26 30 45 39 35 15 42 50 65 79 27 46 69 82 18 24 56 10 90 17 72
69,BLOCK,6693,70 9 29 60 44 19 6 2 34 61 78 98 96 75 79 8 90 100 95 16 1 54 59 51 23 33 67 42 31 37 41 77 30 3 62 7 91 92 76 20 52 27 36 65 66 93 5 49 88 35 74 15 26 99 56 53 11 50 83 81 45 87 12 71 38 86 64 14 94 25 89 13 22 46 82 85 80 69 21 48 73 57 63 84 28 32 68 55 18 39 58 10 97 4 43 40 17 24 72 47
70,STD,5334,24 31 54 83 20 81 94 93 79 64 44 9 84 71 87 80 40 17 45 72 63 28 58 98 30 32 73 99 4 16 14 23 59 86 5 12 29 6 69 78 51 39 43 18 77 92 97 88 37 91 55 60 36 49 41 3 11 15 68 95 19 96 48 34 53 13 61 100 89 52 25 42 21 66 90 57 22 82 56 50 1 8 75 67 33 76 85 38 65 7 10 70 35 27 26 2 74 47 62 46
70,BLOCK,6586,2 20 29 24 94 84 71 40 41 39 57 67 66 100 15 49 55 63 48 6 5 97 60 45 95 53 33 93 19 22 16 38 81 61 11 98 75 27 62 74 47 42 50 69 9 10 23 32 82 64 17 30 21 59 14 78 86 77 3 52 96 89 99 36 25 44 87 80 79 4 88 91 54 28 73 56 43 34 72 8 85 13 76 90 1 58 18 26 46 37 92 31 51 83 12 68 7 35 70 65
71,STD,5947,58 70 5 21 20 35 87 95 36 77 39 67 82 60 47 42 69 2 83 79 24 65 34 98 59 57 85 73 92 6 32 17 55 16 46 29 41 76 25 14 88 53 8 1 22 72 96 66 37 56 97 23 80 19 48 4 10 71 52 68 90 9 93 89 49 7 44 33 31 86 75 11 43 18 84 62 51 15 94 81 100 30 64 45 38 54 50 13 74 61 28 91 3 78 63 27 40 99 26 12
71,BLOCK,7558,44 58 70 5 43 27 20 64 35 38 6 84 80 57 10 92 14 4 1 41 48 55 22 16 46 76 73 66 97 23 85 32 33 65 68 34 90 8 98 75 67 86 25 81 94 71 36 100 30 11 15 95 87 18 89 31 74 29 53 62 78 82 19 39 9 79 49 47 24 83 2 91 96 60 50 56 51 42 77 13 88 93 52 21 61 72 99 17 54 7 3 59 28 69 63 37 26 45 40 12
72,STD,5402,69 12 80 8 65 27 78 98 49 87 16 61 46 64 59 22 72 66 3 17 43 57 88 11 51 26 97 91 14 28 41 77 32 68 96 25 4 60 18 95 39 58 29 67 82 42 83 52 20 50 6 9 19 94 93 5 48 45 15 100 13 1 36 85 73 55 84 35 37 30 34 62 21 40 76 79 47 74 89 10 31 70 86 53 71 75 90 92 81 63 33 2 56 54 23 44 38 7 99 24
72,BLOCK,7339,69 49 80 8 87 65 98 27 57 18 83 55 82 25 34 22 41 5 32 9 26 47 62 50 14 10 7 73 36 75 68 60 46 16 28 56 15 51 74 44 86 89 43 54 64 4 72 23 66 91 3 11 81 78 61 31 71 77 17 6 53 39 85 58 12 37 19 45 96 29 30 52 88 100 94 93 48 13 35 67 90 20 97 59 42 70 92 84 1 33 38 79 76 95 40 63 24 21 2 99
73,STD,5740,45 58 96 54 49 38 40 66 41 21 92 72 57 65 34 27 20 23 97 39 78 80 30 9 10 22 84 83 3 52 2 100 61 95 90 32 13 94 56 7 11 79 26 51 75 89 42 19 12 62 28 85 31 33 82 35 68 8 73 64 5 47 71 76 1 43 98 99 4 14 60 36 59 53 87 77 16 93 37 50 67 86 69 48 44 74 29 25 24 15 88 91 63 17 70 46 18 81 6 55
73,BLOCK,7434,58 39 34 64 57 56 61 25 94 45 29 42 74 12 92 96 49 10 100 84 62 91 67 1 11 63 89 20 28 79 27 65 59 72 54 41 14 7 93 48 13 26 73 86 99 87 38 40 51 9 15 24 88 2 80 77 32 19 33 68 8 31 47 71 3 97 75 43 22 76 44 50 82 85 98 35 60 36 53 95 30 37 78 52 69 90 70 46 17 5 81 16 23 21 83 4 66 18 6 55
74,STD,5904,5 90 7 76 2 32 24 81 47 53 93 56 58 28 19 12 78 61 92 39 98 80 74 49 31 40 17 83 99 43 75 96 66 59 34 60 100 21 71 88 25 45 82 48 67 42 36 91 54 27 51 86 57 23 1 4 50 8 18 87 44 9 84 16 52 70 10 33 37 11 20 13 73 94 89 15 29 14 3 35 69 6 38 55 72 79 22 30 65 46 63 41 26 97 77 62 68 64 95 85
74,BLOCK,7682,24 90 5 2 7 12 39 32 92 47 59 89 71 66 78 15 34 65 30 26 60 63 33 6 72 14 80 76 61 81 86 38 49 55 43 58 53 48 36 25 96 18 45 91 88 57 4 84 67 9 29 64 74 100 21 77 87 99 54 52 41 51 42 1 94 62 56 93 44 82 73 27 16 17 3 13 98 35 83 28 75 70 20 40 31 69 10 11 8 50 37 19 97 22 23 79 68 46 95 85
75,STD,5599,79 75 83 44 100 95 51 33 66 57 63 28 55 36 87 30 56 98 88 76 42 97 5 10 45 40 31 65 23 85 27 24 99 1 21 53 13 94 41 37 58 77 60 71 12 2 4 35 59 68 49 34 61 17 80 47 89 38 96 39 15 70 72 73 26 69 16 6 92 74 9 54 25 18 8 48 7 81 64 20 84 14 86 50 43 29 67 93 22 46 11 19 90 32 62 91 78 52 82 3
75,BLOCK,7343,83 79 95 75 56 5 97 40 70 10 27 39 41 68 16 85 34 69 89 23 92 53 15 73 71 60 4 32 62 36 1 47 48 25 91 80 28 9 88 98 13 17 77 66 21 64 42 11 57 93 50 100 46 65 7 82 94 55 76 29 51 99 44 59 6 14 18 84 38 20 90 87 45 63 24 74 49 72 81 35 12 58 37 61 96 54 2 30 8 43 86 67 3 22 26 78 33 19 31 52
76,STD,5409,78 97 41 9 68 12 77 25 47 85 64 98 99 52 84 2 43 67 80 86 57 31 30 29 73 62 19 75 55 49 35 69 88 71 93 1 8 89 92 87 17 39 27 51 34 38 50 54 81 48 66 23 10 20 24 18 61 46 21 13 74 15 91 94 58 95 37 33 5 56 11 14 90 83 16 63 42 26 60 96 28 76 6 36 44 4 53 3 100 7 79 70 59 72 40 45 32 22 82 65
76,BLOCK,7121,53 86 19 46 78 65 3 18 40 57 24 68 8 54 95 70 79 59 77 98 14 12 47 74 72 44 42 41 7 58 75 36 20 4 92 5 43 32 9 76 6 22 64 39 29 99 63 90 97 15 49 85 25 37 82 33 60 48 52 23 94 84 10 31 2 50 73 62 13 69 1 89 17 35 93 91 80 88 30 81 55 27 71 96 100 16 21 66 51 61 11 83 67 56 87 34 26 28 38 45
77,STD,5745,62 83 70 50 95 42 94 64 26 4 25 100 40 15 37 20 82 33 78 97 65 30 31 71 6 93 32 80 69 68 9 90 99 19 36 51 45 75 61 98 63 18 89 7 57 46 92 11 55 96 81 10 60 86 72 8 44 34 77 41 17 21 43 13 91 66 2 24 35 48 23 74 27 58 28 87 16 73 85 3 49 14 29 84 22 5 39 52 1 38 54 79 53 67 47 59 56 88 76 12
77,BLOCK,7363,99 64 83 39 79 35 47 22 1 7 86 25 24 69 59 21 27 5 52 15 55 97 4 50 8 3 6 87 65 70 37 18 95 44 92 16 66 81 61 28 42 45 71 9 34 91 19 26 63 96 73 80 48 62 88 32 49 31 89 40 11 29 68 43 57 20 82 78 30 36 58 51 98 60 2 93 23 94 90 100 72 85 46 17 75 10 77 33 41 84 74 38 54 13 56 14 67 53 76 12
78,STD,5712,73 31 13 14 41 94 90 78 56 39 67 80 72 97 99 98 34 10 33 93 6 38 50 85 70 32 15 48 65 28 92 26 23 12 21 57 84 24 9 22 35 16 68 7 89 62 55 45 75 87 27 5 1 59 36 30 86 91 40 100 60 43 4 63 37 52 95 88 47 96 76 69 46 18 82 42 54 58 83 8 71 51 49 3 29 20 77 64 81 19 25 74 44 2 61 17 79 66 53 11
78,BLOCK,7316,48 12 3 13 6 87 37 32 89 8 83 91 61 20 68 90 85 9 22 50 62 99 45 23 60 43 34 40 55 47 67 17 53 41 70 14 10 63 73 78 15 93 19 21 97 5 71 18 57 35 24 88 52 95 44 82 36 94 11 59 1 30 42 27 75 49 26 58 4 16 2 25 51 74 54 29 84 64 81 66 98 56 100 28 80 65 69 38 76 92 7 31 39 72 86 33 77 46 79 96
79,STD,5998,54 40 5 37 64 94 2 15 97 68 24 47 44 25 92 12 41 28 84 86 77 27 23 52 60 56 80 71 50 10 79 26 30 51 83 82 48 87 16 96 6 49 39 100 75 33 4 35 76 22 18 69 13 38 88 43 57 95 78 34 32 73 21 89 61 62 20 8 55 7 45 31 14 81 74 93 58 72 63 98 17 1 11 46 59 65 3 67 70 91 66 19 99 42 53 90 29 36 9 85
79,BLOCK,7525,54 91 64 84 37 1 79 40 68 74 5 15 12 72 77 31 52 94 11 90 29 34 57 83 42 10 56 100 20 41 38 97 98 44 87 76 51 19 21 27 28 71 50 63 35 88 45 93 22 13 39 78 14 16 89 47 30 69 26 32 7 85 62 4 96 48 43 9 73 25 60 49 66 2 65 92 46 99 18 67 23 53 75 80 24 81 82 6 86 95 36 3 8 70 61 59 58 55 17 33
80,STD,5923,63 66 57 97 71 46 17 8 99 78 96 1 72 76 32 6 20 28 100 94 22 40 92 84 75 37 80 83 24 30 13 44 58 19 11 45 74 35 85 50 51 39 60 36 49 15 2 61 82 25 53 54 70 93 98 88 33 79 12 73 5 67 48 47 90 43 7 4 86 95 65 89 18 3 38 10 23 27 21 41 59 77 26 55 69 52 31 9 87 64 56 42 29 81 14 34 16 68 91 62
80,BLOCK,7562,63 84 71 57 97 52 46 96 50 18 37 83 67 91 66 48 89 14 87 6 86 99 68 82 73 81 5 75 9 2 28 4 38 74 72 79 15 62 8 47 32 94 54 88 19 10 40 78 100 17 7 20 42 3 31 76 29 16 30 70 1 35 53 33 58 49 45 60 51 41 11 39 56 44 43 69 85 22 13 36 65 55 92 26 95 80 93 90 23 12 59 98 25 21 61 64 24 77 27 34
81,STD,6625,22 54 78 59 79 33 1 51 100 69 66 16 21 8 91 87 99 10 34 93 63 96 61 67 24 98 74 70 25 56 95 11 58 15 40 35 46 81 31 45 20 89 6 83 50 60 2 53 75 85 23 17 76 71 72 84 47 82 48 64 12 68 5 29 9 39 37 90 88 43 18 97 55 44 32 30 57 94 80 65 62 19 28 14 26 86 38 92 52 42 4 3 7 27 49 77 13 73 36 41
81,BLOCK,8389,22 79 3 53 76 33 16 21 91 70 83 12 41 71 65 35 6 39 60 27 55 2 81 10 86 100 99 42 43 67 63 23 24 68 88 56 96 29 34 57 17 92 30 80 18 44 51 54 49 82 9 28 45 93 62 66 26 85 5 61 31 37 46 48 20 32 64 72 15 4 90 19 95 52 87 50 78 74 84 11 25 94 77 75 73 14 58 98 40 7 59 89 13 8 97 47 69 1 38 36
82,STD,6592,75 68 69 49 82 70 5 44 50 100 31 1 98 62 15 22 77 81 71 10 30 80 46 14 59 87 9 58 61 72 97 66 43 42 64 93 13 19 78 47 73 79 26 96 94 33 88 91 20 35 63 23 7 84 21 86 2 8 51 17 67 32 53 38 48 27 85 65 28 37 34 95 25 3 60 56 40 11 36 74 76 52 45 12 90 89 54 83 92 4 6 24 41 16 29 18 99 39 57 55
82,BLOCK,8329,50 49 14 69 97 75 89 95 19 58 45 10 31 47 72 54 100 76 98 68 32 25 92 87 91 1 41 81 96 71 33 30 7 93 78 24 64 4 13 34 85 86 8 15 36 5 51 23 65 62 3 16 42 63 60 43 52 90 70 38 59 77 22 82 27 79 2 53 48 20 73 12 46 74 80 55 6 83 61 56 67 29 84 28 37 66 11 88 17 40 26 35 44 9 99 18 21 39 57 94
83,STD,6634,64 87 10 23 96 97 5 92 28 30 24 17 29 70 61 50 3 8 21 40 25 44 31 46 42 4 99 69 48 58 41 56 57 98 37 39 78 81 88 1 71 47 80 38 53 35 33 6 34 13 11 77 89 20 27 66 94 60 84 51 85 82 2 86 72 15 52 32 26 75 76 79 19 36 73 7 62 16 43 49 12 55 67 90 22 93 68 54 18 100 9 63 74 59 91 14 45 65 83 95
83,BLOCK,8288,42 10 90 51 44 48 9 86 94 23 67 54 20 8 22 80 40 63 4 60 5 56 11 46 91 78 25 36 49 59 24 70 88 33 47 57 98 35 6 13 89 84 43 12 52 72 85 31 76 32 58 97 64 38 66 61 73 1 39 26 7 29 77 3 81 27 69 17 34 2 87 82 68 50 53 16 15 30 41 14 96 65 99 75 79 93 71 37 55 21 62 74 45 83 92 28 19 18 95 100
84,STD,6621,1 5 69 8 16 68 58 88 7 66 60 24 26 45 70 50 43 23 74 46 34 89 78 54 85 14 64 37 48 25 56 67 29 13 11 86 63 55 31 12 87 10 90 32 96 95 28 94 100 84 38 76 99 98 41 59 52 47 71 9 17 35 22 53 81 15 19 39 77 42 92 72 65 97 20 4 61 3 51 79 18 33 44 21 83 91 49 57 93 36 82 30 2 40 6 62 73 27 80 75
84,BLOCK,8333,5 69 60 82 84 67 1 8 45 35 32 16 94 97 51 48 29 49 17 83 66 24 2 65 58 25 74 98 20 9 55 95 96 26 64 63 10 44 70 13 71 54 86 22 72 93 42 87 56 19 78 34 88 7 100 50 28 99 46 31 41 92 38 52 37 43 91 59 23 68 61 57 18 12 15 21 79 11 76 47 85 81 4 75 62 89 77 30 6 39 14 73 3 90 27 53 36 40 80 33
85,STD,6685,14 15 30 64 65 39 27 28 93 12 50 16 2 99 94 62 25 46 70 38 49 98 69 61 40 82 11 8 81 58 67 88 57 32 95 92 3 10 86 21 22 31 52 45 53 73 55 72 26 4 90 29 76 85 37 97 41 60 1 59 83 80 18 20 66 33 42 23 6 9 7 100 48 89 17 84 74 44 43 78 19 24 68 77 35 79 5 56 87 91 75 47 71 34 96 13 54 36 63 51
85,BLOCK,8251,98 33 64 39 12 50 97 32 75 99 42 22 61 65 13 67 8 49 10 71 77 74 5 30 17 15 36 37 68 27 87 44 70 26 23 80 85 52 69 76 81 16 100 28 86 45 46 48 66 59 41 58 40 14 96 57 53 82 62 88 92 4 24 94 3 89 79 29 31 21 43 78 1 60 83 6 35 84 25 2 11 72 95 93 54 20 56 90 73 38 9 19 55 7 34 47 63 91 18 51
86,STD,6722,83 88 100 39 56 8 28 98 32 89 12 92 72 82 93 99 41 80 19 76 22 66 60 57 68 2 53 7 31 71 21 24 42 97 10 81 40 52 45 37 84 26 78 91 25 1 55 9 90 94 46 51 20 16 65 74 33 69 5 13 64 67 30 70 4 75 48 14 38 17 34 49 29 96 6 87 79 86 58 3 61 54 23 35 73 95 77 36 85 27 15 63 62 47 59 43 44 50 18 11
86,BLOCK,8360,83 72 31 56 82 12 76 1 8 45 32 7 87 39 33 30 26 4 54 85 65 60 69 99 41 22 68 97 55 98 13 23 10 34 25 81 40 16 42 52 62 6 14 86 94 84 100 35 9 67 91 57 77 53 78 46 74 70 20 49 11 75 19 17 36 64 28 3 71 48 5 89 37 66 95 80 92 29 79 58 38 2 59 88 47 15 63 51 18 21 50 27 43 44 90 24 96 73 93 61
87,STD,6580,57 49 93 85 80 19 52 48 96 7 27 33 28 38 30 88 26 100 13 39 53 94 84 14 92 89 82 5 72 20 17 32 46 21 51 47 97 24 87 36 65 12 73 6 43 15 60 58 8 61 62 22 16 29 90 67 34 95 11 41 42 45 40 55 56 3 18 23 44 70 59 31 91 79 77 64 99 98 10 37 66 9 2 50 54 4 69 71 81 68 74 1 86 63 83 78 35 25 76 75
87,BLOCK,8542,57 49 64 85 67 11 70 98 78 48 13 89 31 58 16 77 42 53 82 23 14 73 91 71 63 34 24 35 29 7 90 81 94 20 97 30 36 18 56 6 45 40 39 55 8 99 5 26 62 41 38 17 46 32 72 84 37 61 21 95 43 12 69 79 50 88 83 51 2 100 59 54 65 9 19 93 33 92 47 4 10 74 87 15 1 3 60 96 86 80 52 27 25 66 22 28 44 68 76 75
88,STD,6800,18 87 78 31 71 72 10 46 29 67 25 56 69 33 14 22 81 44 45 23 39 41 60 53 66 37 49 12 93 36 96 21 19 7 90 62 99 17 50 5 77 65 16 83 57 64 51 24 68 42 76 1 27 63 40 54 55 79 35 52 88 73 98 11 38 97 75 74 13 9 28 91 89 70 84 80 34 82 61 100 30 4 6 2 58 8 59 92 85 95 3 48 86 43 15 32 94 20 47 26
88,BLOCK,8555,4 70 72 90 22 87 5 71 59 18 7 14 81 54 17 29 27 98 21 32 44 48 77 52 38 83 65 91 51 99 16 12 10 28 39 50 69 78 45 93 36 60 40 100 84 68 56 62 53 89 61 73 25 96 79 24 75 67 74 41 19 88 66 37 57 80 20 58 97 85 35 11 76 23 1 33 95 63 31 55 49 82 9 64 42 13 3 94 8 34 6 2 46 15 43 86 30 47 92 26
89,STD,6662,15 2 81 80 54 65 64 24 46 59 33 34 50 86 58 95 63 44 67 21 74 28 26 90 70 14 51 31 40 3 47 76 55 89 20 12 69 37 73 39 82 23 41 68 17 10 45 7 19 94 36 25 16 61 38 92 32 18 88 79 42 97 96 30 78 8 57 99 22 56 93 87 71 83 62 49 27 53 11 13 4 75 85 52 29 60 77 84 100 1 6 9 35 48 43 72 91 5 66 98
89,BLOCK,8303,43 7 55 66 44 34 17 64 2 80 24 71 74 89 10 58 54 51 75 78 16 22 41 96 9 21 59 40 33 36 29 68 60 1 92 13 6 77 5 19 62 86 31 94 26 87 12 14 69 39 65 61 25 46 79 73 11 85 76 70 82 30 23 99 28 32 100 53 97 20 57 38 18 67 27 15 93 56 4 47 3 42 90 95 83 8 84 49 88 63 45 48 72 50 81 52 35 37 91 98
90,STD,6767,77 11 90 34 56 20 1 88 65 72 54 51 79 18 23 60 62 2 87 74 12 57 33 47 46 25 94 92 98 37 86 80 40 81 5 70 96 27 31 48 52 89 84 10 55 97 24 7 8 35 9 68 30 26 85 43 83 22 4 50 6 32 42 69 95 45 61 14 15 75 71 13 99 41 82 3 17 64 76 36 29 63 78 67 66 49 53 44 91 21 16 38 73 28 100 39 58 19 59 93
90,BLOCK,8472,17 64 90 11 70 46 57 24 73 54 44 51 23 62 60 43 65 6 16 35 3 87 25 92 37 86 98 40 80 50 88 56 1 41 27 83 52 10 33 49 47 14 72 76 79 68 12 81 78 8 5 95 84 97 85 39 99 15 82 31 22 74 77 32 96 34 26 4 71 13 63 69 18 94 2 67 7 75 38 61 36 9 29 45 58 19 30 42 20 55 21 100 48 89 59 66 28 53 91 93
91,STD,10976,125 23 73 156 69 152 65 170 149 190 1 33 15 154 49 127 155 36 87 198 63 71 159 98 129 75 140 17 117 76 84 42 74 106 161 59 100 124 79 110 165 89 107 66 115 16 193 82 95 172 138 135 24 196 92 101 68 102 176 6 189 48 174 44 96 146 150 162 108 134 167 109 187 104 19 83 41 37 85 166 123 114 13 121 21 40 160 30 171 169 181 38 7 31 131 91 116 153 22 81 200 70 186 35 185 179 126 20 158 128 18 139 8 119 142 62 32 122 5 12 26 3 118 56 199 54 112 11 53 175 58 105 192 132 45 51 183 182 60 191 144 2 173 86 143 4 10 9 164 147 46 145 39 194 88 80 177 72 25 184 57 97 163 151 14 93 64 141 111 77 55 47 52 27 120 43 195 50 130 34 197 113 137 67 103 178 157 90 180 94 168 29 28 188 133 148 136 78 99 61
91,BLOCK,14480,73 87 71 28 61 23 190 198 37 96 172 100 175 48 70 187 117 79 92 171 115 114 17 193 97 95 118 89 184 8 25 194 162 106 22 83 103 113 180 52 161 90 137 24 63 55 76 16 65 129 163 183 36 195 146 67 182 127 151 109 29 188 156 30 6 124 147 93 139 159 135 74 14 101 69 120 164 91 57 186 121 18 102 138 181 166 196 108 131 153 185 5 126 128 177 116 7 119 56 105 122 40 112 144 62 11 42 82 157 130 21 46 165 140 68 80 75 154 43 142 33 3 60 136 125 99 169 160 191 85 81 170 47 27 77 110 49 197 152 200 53 167 1 4 2 84 59 86 41 66 199 155 158 111 123 20 134 149 132 104 64 173 45 150 50 38 9 168 35 19 54 13 189 10 179 174 44 12 58 32 107 143 192 141 26 145 88 72 31 51 176 178 34 78 98 94 15 148 39 133
92,STD,10639,22 31 25 148 181 112 1 184 97 133 108 143 114 170 183 140 20 200 191 103 144 195 152 122 117 113 118 60 58 33 166 84 137 142 21 32 134 88 44 42 40 98 179 52 90 176 72 174 19 165 164 56 106 160 54 135 172 145 16 73 18 198 4 85 110 78 192 68 102 120 125 131 124 80 11 109 23 2 193 24 132 66 159 59 153 45 127 104 91 197 74 116 138 28 81 128 43 39 95 38 171 151 3 15 101 71 6 194 86 75 147 83 185 146 9 149 187 156 61 168 150 123 199 87 93 29 141 7 99 62 175 173 162 37 129 26 154 189 5 46 89 77 169 27 35 115 36 163 167 190 155 178 158 57 105 50 41 55 49 12 139 119 180 53 157 79 121 76 48 130 34 51 17 82 30 14 67 92 64 186 136 65 177 107 161 94 111 13 182 63 188 69 70 10 47 126 100 196 8 96
92,BLOCK,14433,22 97 88 166 133 104 184 108 44 45 125 103 122 170 112 61 34 132 173 25 128 91 50 179 197 176 72 83 3 95 106 151 186 79 78 200 189 124 49 107 158 86 181 161 68 144 64 65 21 174 139 140 137 119 160 16 93 77 11 138 135 105 36 195 167 75 18 153 66 56 1 198 12 159 102 156 142 120 178 192 39 85 6 199 164 37 71 157 55 53 19 98 73 127 113 92 141 7 101 17 40 80 46 89 110 165 185 146 163 14 74 114 168 115 145 43 117 154 193 169 35 191 4 90 134 38 52 87 118 171 84 67 24 58 28 129 29 30 172 149 162 194 175 20 190 23 41 152 81 2 123 147 32 60 131 62 177 150 57 27 109 187 188 63 111 69 15 100 94 42 9 183 31 182 13 130 155 33 48 54 143 76 5 70 148 82 26 99 59 121 51 180 116 136 126 196 47 8 96 10
93,STD,11072,166 95 97 151 133 100 115 124 2 4 34 87 47 182 86 190 89 150 8 119 54 177 83 32 118 147 46 125 142 158 188 136 48 164 55 98 163 57 185 59 165 159 16 69 149 53 15 72 50 6 56 85 128 93 21 167 200 186 114 113 161 175 45 14 162 68 20 28 192 38 96 94 148 174 157 52 71 29 139 178 129 183 144 199 112 131 73 65 181 104 90 107 66 122 79 60 109 117 61 155 121 130 63 137 123 180 11 168 17 13 74 138 62 99 58 196 67 37 105 110 80 156 7 111 31 194 9 92 70 36 76 179 153 146 82 198 140 171 64 30 24 132 127 27 44 49 120 12 23 143 33 152 193 25 75 141 197 106 145 169 160 43 88 35 187 40 191 184 41 10 154 81 77 172 26 5 1 22 134 116 19 170 195 103 42 108 189 3 101 102 176 78 126 18 173 39 91 51 84 135
93,BLOCK,14338,97 95 4 151 124 74 87 145 48 56 5 63 163 90 28 189 155 94 14 121 50 36 83 89 133 2 52 166 157 25 32 51 84 134 3 24 104 29 57 119 147 62 66 85 93 70 101 153 82 96 16 164 35 76 194 54 120 22 167 10 177 26 181 169 197 122 162 111 172 142 38 7 182 107 113 55 109 196 130 71 81 112 117 144 158 105 79 11 200 17 31 30 114 47 127 137 65 193 45 165 156 80 178 12 143 86 40 6 199 9 136 77 34 23 99 131 118 75 132 110 161 53 179 146 61 60 140 191 58 64 102 43 183 1 198 184 150 72 176 33 98 103 8 154 20 126 192 18 180 15 187 44 92 91 39 125 159 100 128 88 174 141 21 27 152 37 135 108 186 69 49 129 42 175 68 115 73 59 13 148 170 123 46 41 188 149 106 195 171 139 185 67 168 138 116 19 190 160 78 173
94,STD,11057,7 82 195 14 26 37 3 118 33 200 44 182 102 146 47 5 23 138 136 69 8 9 74 151 57 155 173 192 153 187 191 184 68 19 90 95 197 157 43 20 159 27 76 174 85 42 188 186 194 160 181 48 72 28 39 179 177 63 32 49 185 124 176 129 91 1 164 34 75 132 62 67 46 154 169 111 149 137 180 38 167 123 93 66 141 152 115 148 98 2 92 122 58 11 40 110 77 114 168 17 161 24 96 65 145 86 89 109 6 83 73 172 190 133 140 175 158 36 143 15 166 87 127 52 183 130 31 125 60 16 100 53 171 106 135 119 116 113 84 41 163 165 29 13 79 94 101 22 51 147 45 128 35 103 21 54 104 131 193 18 156 162 150 134 121 107 12 61 112 78 50 198 196 126 142 59 70 97 64 117 108 105 55 120 139 199 10 56 88 25 81 189 71 170 178 99 144 4 30 80
94,BLOCK,14429,7 14 191 138 20 174 29 39 149 41 197 85 140 89 77 157 65 127 169 1 167 48 156 108 200 190 66 162 8 79 19 104 185 170 5 198 64 58 137 105 116 96 92 99 173 11 189 144 74 76 187 161 115 158 147 36 61 71 136 131 111 160 17 56 90 196 188 50 130 180 195 43 28 142 102 26 132 49 46 73 154 6 141 148 164 175 117 113 110 52 121 63 78 122 172 159 86 163 168 40 84 171 18 88 70 60 118 47 176 120 67 98 134 10 128 83 151 165 87 107 125 25 30 194 32 199 38 103 62 126 178 59 55 192 153 80 69 15 23 133 106 124 82 24 182 150 21 44 119 68 181 186 72 95 109 91 100 129 146 35 93 114 152 31 177 16 54 123 22 94 112 9 57 3 139 135 45 51 42 33 179 75 27 184 37 155 183 34 193 101 53 166 12 97 2 143 4 81 145 13
95,STD,10613,198 193 188 74 192 101 154 46 114 11 51 98 148 184 54 111 57 26 38 178 42 12 61 79 63 72 118 55 95 99 76 187 139 125 25 48 21 20 152 80 102 83 119 103 144 1 17 170 169 194 126 181 92 113 120 121 18 59 151 166 161 175 182 163 150 109 28 110 183 88 142 177 168 56 4 156 23 129 44 137 153 19 9 199 191 155 39 115 45 93 62 145 13 112 35 91 133 15 8 123 164 71 7 34 78 116 41 87 196 3 75 190 117 176 146 10 162 27 47 29 37 200 53 158 160 140 43 108 49 197 167 100 127 5 40 130 104 66 141 16 171 24 81 122 14 36 85 179 128 68 6 107 185 136 2 64 58 132 106 138 180 134 50 173 143 147 82 90 77 67 97 70 69 165 31 159 94 86 195 186 96 33 157 60 135 52 172 73 174 124 189 131 32 105 65 84 22 89 30 149
95,BLOCK,14426,198 74 174 188 51 192 99 54 180 67 101 189 132 154 161 186 117 65 123 103 79 153 52 21 20 164 43 76 61 57 14 37 171 148 128 95 3 80 73 86 157 187 82 152 83 44 31 119 10 93 179 91 195 160 38 120 131 111 70 92 191 98 72 22 55 90 181 144 35 108 124 33 2 178 135 58 172 109 147 114 143 139 184 66 127 141 4 26 100 137 97 140 136 48 5 36 200 115 112 1 166 88 104 142 129 199 9 162 53 34 169 19 145 158 47 24 133 173 156 15 27 197 102 87 176 59 190 39 23 118 196 28 183 81 122 68 155 150 107 50 182 46 125 193 11 96 29 12 106 64 32 165 149 63 105 40 138 18 71 8 89 42 25 121 177 17 16 110 163 175 151 84 60 126 7 185 130 45 170 77 113 41 134 75 49 56 116 78 62 167 85 13 6 69 168 159 194 94 146 30
96,STD,10449,100 47 95 67 55 115 102 9 25 41 145 126 112 162 34 21 63 12 91 153 168 99 138 174 107 159 172 143 60 190 76 122 43 110 93 62 146 106 136 46 192 137 79 182 164 129 6 187 87 139 179 39 199 197 191 65 70 120 128 150 5 142 175 32 66 149 42 165 119 90 157 98 148 31 166 59 57 11 105 80 74 113 92 169 56 185 200 116 140 24 189 188 111 96 114 29 86 7 123 8 27 130 81 38 173 133 84 194 35 78 154 196 45 75 183 83 71 97 2 171 19 177 163 117 58 121 52 151 33 53 144 125 14 161 193 64 15 17 50 22 104 186 127 184 4 181 72 82 124 44 48 94 26 30 49 3 16 1 101 54 141 156 170 155 37 36 152 180 28 118 23 131 20 176 134 109 160 132 158 18 198 73 88 61 10 167 178 69 108 85 51 103 13 77 135 195 89 40 68 147
96,BLOCK,14172,100 36 102 95 25 57 184 130 80 120 54 139 56 119 5 31 113 87 96 117 77 2 121 151 63 132 73 149 59 154 110 1 66 125 30 35 99 152 94 6 111 157 145 173 112 174 115 28 109 172 114 62 176 10 197 79 41 71 39 158 138 23 159 116 198 55 82 16 69 144 163 175 169 42 74 200 75 104 33 171 29 37 20 150 38 156 128 129 15 140 3 21 185 136 24 167 170 92 98 141 155 108 106 133 182 14 186 153 11 89 183 135 181 143 85 9 126 78 134 178 131 195 13 52 47 53 26 67 193 49 64 93 46 137 8 122 12 103 192 199 18 60 187 190 164 162 101 72 166 91 65 127 76 34 142 161 188 86 7 105 83 196 191 165 50 58 148 97 177 90 84 107 146 168 189 22 70 44 17 32 81 194 45 123 27 19 4 124 48 88 179 61 43 118 180 160 51 40 68 147
97,STD,10960,198 147 15 123 135 117 169 63 187 27 60 101 75 131 61 20 76 90 105 62 151 140 88 100 148 108 30 40 133 45 24 2 139 46 173 130 162 197 136 37 70 11 94 106 79 110 113 127 31 185 150 50 129 23 7 111 48 189 174 32 17 166 134 74 152 56 176 161 159 99 3 186 125 142 170 126 175 165 199 160 5 200 188 138 78 154 89 116 73 71 82 10 12 144 80 81 69 121 141 36 122 146 172 128 103 54 58 53 158 84 137 18 65 21 51 55 72 64 183 196 190 109 66 8 124 93 4 33 194 67 104 118 68 171 59 39 19 180 193 35 96 164 87 181 115 163 28 156 157 14 43 195 153 1 120 145 29 178 47 16 86 192 13 98 49 102 91 95 92 42 22 38 182 57 167 119 114 112 44 85 191 77 132 41 155 52 83 34 107 149 143 177 6 179 25 168 184 9 26 97
97,BLOCK,14604,198 147 60 101 46 52 11 88 57 25 168 159 173 112 85 170 115 62 50 40 161 158 131 30 160 195 180 162 197 149 95 190 16 109 4 14 35 141 45 77 23 191 177 169 196 18 36 38 107 116 108 31 94 187 76 114 111 90 104 181 182 100 119 184 179 29 117 56 13 139 165 39 73 75 6 154 130 106 120 8 99 7 12 37 110 54 134 125 146 1 55 64 67 17 68 47 96 193 176 27 28 86 58 91 143 83 144 2 81 80 192 155 78 171 89 167 22 105 53 5 142 185 72 19 136 150 137 172 153 24 152 79 113 200 124 82 164 69 174 3 102 48 188 32 175 128 156 132 148 43 127 49 51 10 65 87 133 84 140 21 103 118 121 66 189 178 34 166 186 59 129 157 70 199 20 74 183 61 93 138 44 92 33 163 122 9 194 151 42 63 123 41 98 145 15 26 126 71 135 97
98,STD,10871,151 43 137 65 7 184 2 150 168 48 156 72 100 91 33 186 50 55 195 177 190 29 31 24 189 75 79 69 134 66 131 99 94 179 28 10 22 118 92 120 9 26 93 160 36 101 159 102 73 21 116 119 35 125 54 95 126 64 143 81 88 23 77 158 135 89 32 115 193 129 40 123 138 8 197 62 187 165 114 104 15 78 71 124 96 61 191 121 127 164 174 6 113 45 178 162 149 132 154 112 157 172 110 161 83 42 133 200 173 53 183 49 25 130 117 103 51 170 188 142 47 4 41 194 146 13 140 87 136 199 16 128 17 192 3 141 60 147 5 106 56 59 39 18 107 52 14 171 20 198 63 68 46 80 57 27 86 12 139 145 196 97 182 144 98 155 44 181 70 163 166 37 169 109 175 122 85 30 19 108 152 167 84 148 185 76 111 82 67 11 105 38 58 34 180 90 153 176 1 74
98,BLOCK,14562,154 168 65 143 184 33 64 54 29 100 8 122 26 188 83 106 72 121 182 48 187 35 14 97 169 147 139 199 61 55 176 155 109 20 80 25 125 92 151 173 47 66 28 102 7 110 162 34 74 85 94 79 12 141 90 18 192 119 45 111 23 185 82 43 181 38 180 76 114 1 87 105 70 2 112 156 58 10 197 165 50 60 135 150 128 62 129 163 49 118 177 46 68 16 67 170 166 101 75 131 24 5 189 120 103 191 152 175 93 99 73 200 132 4 167 183 190 179 19 69 186 22 145 31 40 137 117 77 86 52 133 126 3 104 138 149 123 124 164 15 113 107 59 78 6 160 157 158 89 130 98 13 42 194 53 57 142 41 9 144 96 44 36 195 178 134 91 51 115 140 116 27 88 71 171 63 136 127 172 17 21 56 174 198 159 146 95 39 81 193 161 32 196 37 30 11 148 108 84 153
99,STD,10558,165 11 199 149 146 62 39 28 12 138 34 126 192 124 80 171 17 112 19 121 168 21 169 118 44 189 180 158 49 172 181 145 127 71 73 83 26 46 36 84 24 178 91 31 136 5 25 55 194 94 92 187 29 22 185 163 68 160 41 142 161 58 61 152 48 175 101 119 151 131 159 72 184 32 47 123 20 141 88 153 108 109 182 147 10 65 173 66 196 69 193 2 117 167 140 148 137 8 60 102 52 4 99 51 166 63 134 64 6 122 115 37 104 14 81 100 190 82 86 9 38 75 130 7 87 77 57 43 120 139 103 50 90 164 176 195 59 111 1 70 23 191 74 113 183 179 96 143 135 67 133 129 186 85 93 45 197 128 116 198 16 114 54 110 200 156 105 150 132 33 89 98 107 13 56 30 95 157 27 3 79 106 53 35 15 162 154 97 78 188 177 76 170 125 144 174 42 18 40 155
99,BLOCK,14316,3 97 199 124 92 94 70 10 173 66 90 99 33 43 41 131 183 182 6 50 23 117 38 153 52 7 63 2 114 150 134 14 75 190 32 120 102 87 139 115 86 110 123 106 143 53 54 89 85 109 160 164 107 172 34 67 15 11 132 57 194 137 136 168 74 198 31 64 17 179 35 169 1 148 128 171 105 104 135 175 112 163 24 151 189 40 73 186 88 141 156 30 144 119 176 138 26 187 126 62 113 197 191 174 18 78 39 180 45 118 125 71 158 91 165 56 98 20 72 129 181 178 65 37 59 61 152 161 122 100 145 28 121 46 83 154 5 12 44 58 188 19 108 77 101 36 13 69 159 166 25 22 157 76 195 55 49 130 196 184 192 142 133 111 127 149 29 185 147 48 51 193 81 16 82 80 68 47 167 93 95 27 140 8 9 146 177 21 200 170 60 103 162 4 84 79 116 96 42 155
100,STD,10794,149 148 138 179 46 105 193 31 24 119 131 5 53 127 75 106 4 117 110 11 21 171 196 108 55 154 112 116 83 121 91 12 26 70 61 137 195 114 113 100 34 81 3 14 20 158 175 162 40 7 141 67 8 9 48 65 132 71 17 181 42 115 128 22 188 118 33 18 90 69 36 74 160 38 76 178 60 164 166 43 191 73 159 84 185 103 165 152 168 163 190 16 47 6 143 15 1 29 156 82 78 72 129 30 144 200 49 56 183 102 157 77 92 182 28 13 59 93 120 146 45 150 170 58 96 98 107 44 89 99 95 134 122 86 133 41 94 173 57 68 189 35 2 187 153 169 37 167 63 186 19 151 79 23 50 135 177 198 192 161 27 145 32 54 124 66 87 174 104 51 125 136 109 85 10 25 80 111 142 194 199 176 88 172 64 123 62 197 101 139 180 130 155 97 52 39 140 184 147 126
100,BLOCK,14412,148 138 65 179 105 193 171 75 16 15 35 42 115 200 169 45 48 11 22 117 54 41 120 61 20 55 189 137 100 122 34 72 84 91 110 21 93 187 163 47 142 63 77 23 106 53 113 9 158 6 154 79 145 136 107 190 40 92 82 185 17 173 70 150 118 160 159 36 18 146 49 102 26 44 114 30 78 144 183 56 13 59 133 81 129 112 5 147 103 166 80 128 29 88 195 4 156 174 25 31 108 1 157 188 28 143 149 12 60 85 135 182 76 196 123 168 199 127 74 83 111 176 86 197 101 131 10 97 186 104 52 140 14 89 165 94 121 66 69 87 151 95 181 162 175 134 119 46 58 90 116 33 124 191 99 180 172 67 164 194 43 39 73 132 24 130 64 161 98 141 7 109 19 32 68 38 3 198 51 2 178 57 50 170 152 96 8 27 192 125 37 71 167 153 62 155 126 139 184 177
101,STD,11620,83 76 150 65 182 94 95 138 128 166 131 144 88 57 91 89 62 163 124 33 40 111 162 151 122 28 10 72 107 80 41 147 22 105 188 146 113 36 187 136 119 2 132 154 51 86 197 7 69 96 173 106 152 198 3 194 93 90 6 68 25 133 85 78 29 101 18 54 164 35 4 120 20 165 59 13 185 155 81 30 176 104 14 97 157 172 50 140 34 129 31 58 126 139 24 70 177 46 168 103 117 148 48 99 110 79 108 123 67 196 53 109 52 37 75 71 143 181 184 153 158 74 199 5 161 169 1 127 77 100 178 98 47 159 135 9 66 125 38 145 43 8 186 87 42 149 190 12 26 200 61 171 160 19 63 102 195 156 141 192 175 189 167 170 73 174 16 134 121 39 64 44 142 17 116 15 130 180 32 115 84 191 27 23 49 60 179 56 82 118 183 112 11 137 55 92 21 45 114 193
101,BLOCK,15768,76 151 95 200 83 152 126 145 9 182 162 19 137 99 133 105 125 59 7 121 36 173 106 6 52 113 26 13 187 35 85 169 136 129 32 112 177 167 150 124 31 135 54 53 50 148 197 141 51 68 130 117 74 154 160 47 143 175 184 12 4 3 186 164 40 84 70 156 168 158 110 98 139 111 104 153 22 199 11 144 123 72 90 44 41 176 161 77 24 189 132 1 127 181 172 116 25 93 119 146 30 115 194 55 61 38 147 122 196 18 188 57 155 108 88 180 66 73 128 82 75 138 185 86 91 92 43 195 89 87 49 78 23 62 2 8 192 198 79 67 60 94 107 20 140 190 174 131 165 97 159 103 37 33 163 191 63 14 10 178 17 69 5 120 142 179 28 81 46 71 157 34 149 101 42 170 29 96 58 166 56 80 102 100 16 171 39 134 48 15 27 21 118 183 65 109 45 64 193 114
102,STD,11749,132 56 146 184 135 171 91 60 176 74 35 159 150 163 183 152 96 4 97 52 174 54 57 31 79 185 70 77 108 10 181 158 170 45 116 59 188 87 113 178 130 8 38 156 51 34 98 169 122 92 138 18 71 86 5 136 160 147 55 85 110 123 42 39 11 128 155 73 195 187 83 177 65 107 126 9 50 101 111 94 118 196 78 80 76 186 25 23 28 1 192 64 103 190 66 26 30 47 165 69 17 46 15 198 88 100 162 2 124 6 166 167 41 68 16 144 142 104 12 109 115 134 58 13 193 161 199 154 20 89 82 90 182 197 61 151 145 131 29 121 48 149 112 40 72 125 43 172 143 114 148 189 179 106 105 49 93 99 120 24 22 36 21 95 119 14 129 137 139 157 7 191 37 67 175 32 63 141 27 153 164 84 168 200 33 19 75 194 173 62 102 44 81 3 117 127 133 140 53 180
102,BLOCK,15759,56 52 11 91 74 136 57 160 184 140 151 86 3 89 119 118 132 197 163 97 53 54 124 176 94 150 120 45 134 23 35 58 29 103 141 198 99 30 8 100 185 108 158 75 189 148 174 116 156 42 39 27 188 122 107 16 31 137 82 59 139 125 71 195 170 28 187 66 1 40 196 121 183 190 110 186 105 85 109 104 128 178 55 181 161 175 182 14 113 199 41 192 61 33 173 12 145 49 167 98 63 169 9 17 179 101 69 64 78 129 73 5 117 138 21 144 43 70 19 4 154 112 84 191 34 123 159 146 114 81 102 135 127 76 51 32 130 37 60 77 13 162 131 93 24 172 88 155 194 65 193 149 6 164 38 48 95 126 68 20 47 147 25 83 152 168 46 15 142 177 171 111 115 153 10 72 96 143 50 22 2 106 79 90 62 166 80 200 18 26 87 92 165 157 7 36 67 44 180 133
103,STD,11839,161 49 137 88 28 19 7 192 169 11 110 132 79 35 139 165 183 184 106 176 84 59 107 23 146 179 126 160 30 37 81 158 149 190 155 31 47 78 43 44 171 163 26 181 121 45 15 58 64 123 91 57 156 170 188 104 51 151 134 122 154 52 24 90 130 3 102 74 127 189 99 9 148 108 1 178 117 5 89 195 133 187 94 198 54 174 32 12 186 172 20 185 14 13 168 93 39 53 70 196 115 69 153 124 68 21 150 63 119 116 96 113 105 17 128 100 136 112 180 103 129 80 118 16 77 162 4 141 18 2 197 38 75 71 66 164 56 175 87 72 50 98 41 191 60 73 144 194 138 135 109 199 111 65 114 143 67 131 82 177 8 152 157 48 25 36 173 140 85 92 55 22 27 34 101 10 182 200 86 61 76 166 147 40 125 33 145 97 62 29 159 193 120 167 46 83 42 95 6 142
103,BLOCK,15993,124 107 178 111 187 59 49 90 57 11 167 168 108 50 189 40 145 61 81 160 129 66 36 155 37 12 28 117 47 195 102 166 158 140 84 5 17 71 97 34 125 19 118 176 169 69 76 85 148 161 104 73 119 86 33 152 78 157 51 64 16 122 63 94 10 24 3 20 96 105 29 141 113 42 120 114 134 159 53 139 116 101 188 7 93 136 131 32 2 9 181 79 165 77 186 45 200 65 74 149 154 31 21 60 172 130 39 25 190 163 80 68 150 156 115 18 153 197 55 82 75 89 38 164 56 175 23 112 138 41 170 196 98 174 143 1 183 151 123 109 13 54 191 184 126 92 99 62 199 70 135 95 146 8 162 182 171 22 4 128 100 110 147 48 44 185 180 15 46 26 127 30 106 103 173 132 144 58 179 137 193 67 43 72 91 194 14 121 192 133 198 35 83 27 87 88 177 52 6 142
104,STD,11816,47 78 7 174 137 66 109 20 153 179 177 16 105 192 39 69 21 44 196 143 48 188 26 62 111 8 166 199 15 1 17 24 145 53 40 198 164 87 37 154 30 11 183 58 45 162 108 95 131 103 107 171 19 110 126 88 155 158 191 91 172 119 84 104 59 56 144 102 127 86 50 57 117 112 42 82 184 156 141 194 185 97 46 189 100 178 101 195 35 193 51 163 74 116 140 181 72 5 161 80 76 25 10 70 128 121 54 170 118 18 176 52 22 149 150 13 92 64 38 187 41 12 147 114 142 32 79 2 122 134 115 146 96 175 3 83 135 34 49 89 124 152 9 165 31 169 75 98 130 190 65 157 55 106 173 36 99 151 68 14 123 138 167 129 125 148 6 61 186 27 182 159 197 73 200 120 90 28 85 160 132 29 4 77 93 139 23 33 71 60 67 63 113 43 81 133 94 180 136 168
104,BLOCK,15932,177 111 183 21 153 44 24 112 132 134 143 107 70 11 108 131 56 51 62 199 180 147 97 19 81 122 87 106 169 42 162 124 47 39 74 93 65 14 146 110 109 18 73 136 60 158 55 1 170 8 85 28 4 123 77 175 152 138 78 57 63 128 185 181 171 189 140 115 130 31 46 13 53 119 58 5 144 59 32 187 117 54 69 6 163 184 48 135 195 126 9 25 95 102 72 116 38 22 178 139 71 84 30 27 125 188 165 20 154 104 66 12 174 26 191 96 41 2 196 145 118 149 45 121 172 166 90 120 142 159 37 35 105 150 182 17 40 164 7 103 10 92 186 86 75 50 94 200 89 179 161 173 67 82 101 68 64 194 114 141 193 83 155 91 156 88 79 197 76 192 127 190 198 80 100 113 176 167 151 157 15 33 16 49 168 129 52 3 43 36 23 29 98 34 137 99 160 61 148 133
105,STD,11628,134 171 107 193 3 162 83 175 105 31 163 128 86 53 173 27 85 150 103 44 56 91 192 87 97 118 40 158 35 21 101 72 19 98 29 185 6 200 8 96 45 132 64 1 102 99 145 176 75 113 125 59 63 168 108 151 30 82 170 94 130 100 13 123 47 90 79 57 180 76 152 157 110 12 25 126 111 11 73 33 80 89 109 15 7 14 9 188 28 119 165 155 22 77 183 37 112 148 160 142 179 143 131 121 104 146 133 114 198 190 18 196 78 161 88 43 17 38 84 194 65 197 147 4 195 169 182 136 26 70 36 20 10 164 138 178 5 58 42 54 127 177 48 124 46 184 69 120 95 167 41 106 32 159 49 122 93 166 187 34 149 117 189 156 135 16 71 51 139 140 154 141 50 92 144 67 74 174 62 186 60 2 55 116 172 137 129 68 61 115 39 199 66 191 153 52 24 181 23 81
105,BLOCK,15855,171 185 134 11 163 26 103 150 94 21 13 118 85 177 9 75 116 125 96 147 151 100 44 17 119 192 104 58 4 91 109 138 57 160 52 174 180 111 54 122 142 25 72 59 179 20 80 87 178 200 157 106 190 73 18 78 47 71 173 113 152 48 90 165 139 115 172 130 197 123 133 69 143 14 146 161 88 35 188 12 3 28 126 74 10 89 41 33 159 65 182 60 155 167 184 170 79 158 30 2 166 64 183 36 144 6 50 43 135 101 156 107 51 84 42 121 46 193 128 187 93 199 82 131 196 7 198 145 120 164 15 1 38 108 189 16 63 62 29 66 140 102 77 168 186 23 148 114 76 40 37 137 136 129 39 55 162 110 56 5 86 105 124 45 149 67 112 194 98 175 83 97 27 32 95 127 31 154 8 141 68 99 132 22 34 169 53 117 176 19 61 49 191 153 24 195 81 70 92 181
106,STD,11717,98 44 157 198 53 192 152 160 108 97 181 60 171 134 200 92 137 149 114 142 35 99 39 158 22 196 27 77 85 16 154 185 62 21 82 143 128 151 195 54 127 94 40 182 164 180 103 88 1 46 167 59 19 32 58 95 4 5 170 112 190 144 130 80 107 69 34 174 73 3 125 105 61 41 193 110 147 197 49 43 173 50 117 129 31 38 47 153 23 68 17 177 65 169 100 146 104 15 119 12 140 13 135 48 161 188 96 36 165 120 156 51 63 8 25 101 66 111 118 91 7 166 199 70 133 168 26 122 74 179 184 89 75 71 136 139 175 106 56 20 93 123 189 159 113 78 163 24 131 162 28 132 145 10 124 2 172 115 6 30 57 37 79 191 186 81 138 29 90 33 67 194 148 155 84 109 64 83 121 76 45 87 141 72 18 55 183 187 9 102 126 86 176 150 42 178 14 52 116 11
106,BLOCK,15911,98 157 145 180 190 181 4 191 137 88 75 23 184 84 107 96 154 80 196 53 167 171 21 179 18 19 185 140 114 69 73 147 120 130 146 47 41 173 109 174 143 40 74 31 101 48 168 131 193 182 32 103 46 197 121 52 161 8 111 63 166 133 91 36 108 56 172 115 14 118 30 26 72 35 135 51 7 66 28 68 100 198 25 95 165 151 24 169 105 124 106 199 155 83 127 148 159 1 134 50 149 152 187 128 122 139 81 89 64 62 22 113 153 43 9 163 42 60 160 11 142 78 150 99 92 126 54 176 195 200 27 82 37 85 112 49 102 76 119 33 15 61 178 39 17 44 158 90 186 141 93 86 59 3 67 2 177 192 45 87 138 110 55 125 70 188 65 194 175 136 29 189 10 79 13 144 16 123 156 164 132 12 71 117 94 38 34 58 129 97 104 5 6 57 162 183 77 20 170 116
107,STD,11776,168 200 65 86 190 66 143 32 23 101 175 155 109 136 27 51 80 95 138 115 69 9 162 11 183 56 76 122 10 50 148 20 35 106 89 128 188 159 78 187 154 153 196 81 42 156 191 161 182 52 151 123 169 94 77 167 85 194 18 45 62 31 131 114 37 150 124 166 44 14 102 116 157 110 130 179 46 140 99 104 144 189 4 145 12 67 30 184 126 180 141 112 129 57 84 177 7 88 24 39 100 82 158 172 111 64 75 33 17 70 73 58 53 137 49 127 21 54 61 119 176 36 38 117 107 185 152 87 1 198 40 15 118 83 171 8 60 160 25 90 133 193 74 72 105 68 16 147 63 55 164 93 125 195 178 79 146 165 163 3 48 19 71 96 134 181 113 5 41 142 47 149 197 174 186 108 6 59 91 135 121 170 199 26 34 139 2 28 29 92 98 173 97 103 22 13 132 43 192 120
107,BLOCK,15900,200 190 65 29 161 66 175 89 59 140 6 149 23 163 80 20 32 179 169 85 57 118 90 76 62 88 151 125 72 13 181 40 47 134 22 86 100 95 91 45 67 9 56 37 7 36 75 4 137 168 109 19 96 156 162 194 18 92 143 199 158 187 126 146 41 71 83 28 195 99 153 54 184 79 64 63 14 138 46 26 104 1 182 16 103 122 50 159 98 110 35 17 87 191 53 185 84 52 152 183 69 115 15 133 136 154 141 128 70 170 48 124 174 173 165 129 10 123 193 130 78 58 114 94 111 93 38 73 112 144 145 198 180 81 177 176 135 167 127 171 44 24 82 102 157 51 172 107 142 77 27 119 148 61 101 117 60 166 39 33 188 74 106 178 8 147 55 197 164 25 3 105 68 155 31 160 42 11 5 150 49 113 186 139 131 108 30 12 196 21 121 97 132 189 34 116 2 43 192 120
108,STD,11855,119 192 29 105 30 200 67 90 179 86 49 10 102 135 39 194 164 126 52 92 11 20 123 74 61 140 184 198 94 12 199 91 97 69 73 170 108 45 195 46 98 174 133 162 115 78 1 124 4 47 180 31 21 136 121 43 3 18 63 101 95 32 54 167 14 128 15 41 48 143 40 153 137 142 66 172 181 157 58 42 155 178 50 13 166 173 27 23 75 171 85 87 117 158 107 149 161 131 141 26 71 165 112 51 111 175 88 36 197 145 110 190 127 125 191 159 55 19 56 147 150 93 186 34 109 114 44 122 28 152 182 35 129 96 53 120 68 99 38 148 154 100 37 62 118 188 151 187 103 77 116 2 185 24 8 139 81 113 104 89 72 160 169 17 177 82 7 64 59 65 57 84 132 25 144 106 6 9 80 130 189 79 33 83 76 5 146 193 176 60 196 138 156 16 22 70 134 163 183 168
108,BLOCK,15875,136 105 200 52 39 54 151 109 94 90 91 83 4 20 25 16 160 194 179 73 36 150 49 27 197 93 104 38 193 61 199 111 30 65 29 53 31 92 140 148 101 8 133 189 63 176 35 190 14 44 146 21 1 58 132 88 64 174 172 67 32 143 106 127 122 50 10 121 178 6 198 144 97 112 191 33 141 192 24 110 43 119 69 76 175 19 171 26 62 161 42 71 28 108 137 95 117 154 89 139 18 55 123 68 156 5 170 149 129 11 157 96 126 125 114 142 80 115 74 48 182 82 124 130 153 17 66 107 37 147 45 186 99 3 13 184 167 47 162 131 75 181 164 87 166 81 102 135 46 7 138 173 155 86 23 98 145 158 188 15 185 113 72 120 77 59 195 177 34 41 57 187 180 118 159 40 169 56 12 85 100 103 134 84 79 165 163 78 2 60 116 183 51 152 22 128 70 196 9 168
109,STD,11659,113 190 103 109 10 55 19 23 32 175 61 132 68 145 111 134 17 45 102 149 70 46 91 89 124 27 4 65 73 130 186 38 181 160 148 79 163 29 1 28 83 189 177 62 97 51 66 168 26 74 6 53 155 59 200 31 76 106 75 162 39 114 42 147 197 192 116 88 37 140 67 94 86 174 16 35 178 69 157 15 138 141 112 161 108 123 12 60 104 167 139 188 118 182 176 64 171 72 82 77 43 153 52 85 191 115 105 56 150 169 47 21 90 121 179 30 127 9 33 133 196 49 185 173 44 126 183 78 170 5 18 20 193 194 143 71 25 122 195 164 100 166 63 11 81 187 22 146 57 128 119 95 36 34 125 154 152 131 54 184 107 137 101 156 13 96 80 93 48 87 98 144 135 136 198 159 2 50 7 142 158 40 58 41 117 172 110 99 129 151 24 92 199 84 3 14 120 180 165 8
109,BLOCK,15997,190 10 166 199 25 101 100 70 74 136 116 153 109 75 176 90 149 39 194 9 68 112 43 181 42 97 144 165 129 15 103 189 184 94 77 122 158 41 7 183 111 60 127 191 151 113 85 193 173 57 98 22 24 69 78 54 160 141 168 19 29 61 135 84 72 56 170 81 131 34 106 32 174 185 14 154 23 45 146 123 140 175 73 79 105 86 172 5 124 65 28 89 198 59 161 91 88 200 137 188 12 47 143 44 157 120 104 139 27 196 82 126 4 53 118 48 182 35 52 179 49 195 187 171 133 114 164 142 102 178 31 33 167 95 159 115 177 40 18 38 163 150 63 128 169 152 21 138 107 83 96 37 3 6 16 197 71 30 50 20 76 132 11 145 17 121 147 64 186 36 108 162 80 130 117 148 92 55 192 66 93 134 125 67 46 87 156 51 62 26 13 155 119 99 110 180 2 1 58 8
110,STD,11893,121 86 196 120 12 55 45 169 162 15 188 104 32 9 131 163 59 171 114 106 48 50 153 42 21 30 191 19 94 91 10 43 132 135 107 146 168 144 113 37 51 41 99 79 18 102 36 117 184 147 180 138 5 179 186 72 152 151 122 167 2 182 26 115 145 62 166 148 29 164 96 73 31 92 173 185 68 87 128 14 124 84 17 154 58 170 110 47 67 101 108 125 70 181 183 157 20 199 158 197 66 198 80 195 156 49 63 83 129 200 190 97 90 192 118 40 139 161 46 140 194 111 109 89 33 159 53 64 34 57 136 39 54 3 88 8 81 24 25 126 76 119 142 44 4 178 69 78 116 187 155 85 28 98 176 65 16 1 193 23 75 175 105 56 133 127 150 103 143 149 82 27 177 77 61 52 172 71 123 93 160 35 11 95 74 22 38 134 7 141 112 13 60 130 189 137 100 165 6 174
110,BLOCK,16027,120 162 59 12 163 116 7 132 151 161 86 191 9 124 113 45 3 106 88 171 30 128 139 126 144 127 111 74 133 55 65 175 98 53 158 145 188 58 39 99 36 115 183 152 93 170 121 148 5 156 38 168 17 102 110 179 173 147 43 141 6 42 40 21 2 61 80 78 73 37 32 71 10 180 33 165 44 117 138 89 129 109 85 96 63 136 119 190 176 134 46 155 193 186 56 68 184 82 118 18 31 72 194 25 29 67 135 159 66 177 125 24 14 87 187 195 41 23 90 105 157 91 143 137 94 69 83 198 75 131 100 199 153 104 20 57 70 130 26 107 185 92 112 35 200 47 142 154 64 196 197 77 149 15 4 28 166 19 54 167 51 48 164 27 103 146 178 81 108 97 114 192 122 123 101 1 182 140 49 79 11 62 181 52 95 76 150 84 172 34 8 169 22 13 16 60 189 50 160 174
111,STD,26699,145 288 172 242 189 261 407 322 135 216 42 10 328 257 475 140 138 438 53 359 120 263 85 315 124 128 70 335 116 382 58 393 114 16 5 447 287 308 302 101 22 73 472 349 174 332 307 293 491 208 295 183 155 443 248 68 264 60 88 136 270 408 52 159 412 104 48 240 366 445 324 378 372 377 306 398 167 26 166 282 212 298 143 37 379 376 347 130 122 79 341 409 186 356 326 498 147 417 176 82 61 129 56 392 21 410 286 99 451 239 75 83 394 388 290 329 381 91 319 173 418 461 285 344 74 44 87 65 217 1 150 200 374 387 499 157 456 439 92 127 46 69 224 423 432 492 305 24 311 258 96 480 204 364 164 50 464 449 66 59 274 17 243 453 404 488 457 303 484 481 414 86 283 428 107 477 494 299 358 210 221 485 109 251 247 184 201 297 462 161 446 419 23 351 313 90 206 11 187 78 198 390 483 363 296 252 134 474 265 371 207 401 141 415 148 460 402 500 254 209 355 100 80 218 31 106 375 370 275 487 151 238 333 51 8 336 294 196 433 346 301 337 121 213 163 12 149 397 195 97 479 367 179 350 386 41 158 339 253 202 182 7 334 153 272 310 76 420 180 142 478 230 81 6 199 431 421 495 93 416 160 442 98 220 170 35 203 178 250 281 352 111 403 465 154 413 144 38 20 399 353 396 102 493 27 9 225 227 466 236 454 25 452 385 271 440 113 277 62 314 89 64 245 169 4 383 229 34 235 215 425 343 441 18 171 490 362 369 444 361 29 316 391 327 284 241 325 77 211 455 291 338 448 267 304 214 384 177 323 342 244 232 105 486 458 125 226 152 368 219 132 354 234 436 233 411 365 373 348 162 471 260 292 36 67 197 470 437 94 389 497 321 190 123 426 117 489 429 205 165 168 289 259 280 139 15 246 330 320 345 146 255 400 2 63 435 3 188 317 427 57 28 14 473 476 309 112 269 54 103 266 110 137 406 249 191 380 231 126 43 273 49 424 422 496 256 268 13 222 276 40 450 467 193 115 434 175 340 192 331 95 468 279 133 30 482 45 47 72 119 39 131 360 262 312 19 318 463 395 181 84 278 194 118 430 71 405 459 185 156 32 108 469 228 237 357 223 55 33 300
111,BLOCK,38312,145 288 315 468 116 350 295 185 231 278 58 181 106 485 228 364 183 225 10 246 124 453 43 317 193 481 170 443 382 461 240 372 322 458 423 172 378 48 266 448 224 221 357 305 137 405 401 264 95 28 487 209 473 499 344 490 213 152 92 208 439 308 229 130 292 289 122 304 190 14 438 255 99 442 463 44 20 192 82 290 383 15 65 1 311 169 285 157 457 56 333 59 410 250 201 283 397 235 149 319 375 433 446 498 418 131 104 8 243 50 175 178 362 155 478 62 73 249 342 373 222 403 341 424 205 395 32 469 117 293 234 392 119 159 204 162 139 171 456 488 11 168 7 486 426 24 125 126 191 257 91 298 18 368 85 427 349 5 101 45 388 335 259 154 340 22 263 412 66 318 40 316 12 309 496 451 160 216 55 34 360 114 218 2 163 30 477 230 387 256 260 132 60 147 120 232 455 354 380 180 371 261 13 176 402 173 90 414 475 274 187 37 74 277 186 472 493 347 497 150 346 25 320 148 197 212 425 165 105 100 419 465 107 301 416 281 98 144 199 109 409 329 38 4 291 138 140 80 3 41 236 377 356 441 294 489 63 324 491 279 23 36 103 429 332 241 495 135 287 238 398 321 389 369 113 244 306 226 29 42 94 21 445 84 215 390 9 338 53 16 189 75 435 239 331 167 379 88 71 411 182 450 237 19 127 459 296 87 177 436 214 196 83 385 6 219 381 136 123 67 440 198 325 39 227 431 158 413 359 482 79 52 77 336 68 396 302 323 184 467 72 476 49 194 54 327 407 268 269 374 273 406 282 307 437 245 400 251 61 391 26 434 110 366 174 345 314 408 233 452 276 339 337 470 111 242 365 96 33 328 86 479 270 57 143 161 286 252 153 297 93 351 166 358 46 384 188 253 454 460 432 64 428 134 27 471 47 133 494 355 303 404 480 70 267 151 474 484 449 444 399 121 447 299 280 343 361 275 415 258 466 141 334 51 312 17 326 367 179 102 164 394 313 421 202 363 492 248 31 146 353 254 69 207 483 500 210 217 129 35 370 223 78 352 206 76 220 203 272 81 348 420 271 386 195 464 330 142 310 247 376 89 97 211 200 265 462 156 284 118 262 393 108 417 115 422 300 112 128 430
112,STD,27163,8 399 90 76 378 326 468 4 410 213 212 442 309 93 257 421 168 159 412 439 350 202 282 139 160 464 45 20 450 112 248 172 452 12 490 134 289 148 69 430 113 478 419 47 483 74 119 438 311 355 448 24 54 381 265 122 368 79 415 106 81 114 135 91 120 306 268 277 88 500 479 126 286 409 177 348 171 413 18 203 363 424 256 145 189 204 297 194 384 303 224 117 155 174 125 298 443 269 66 188 173 404 272 472 407 449 365 67 254 284 362 230 130 89 103 486 196 220 55 10 180 222 31 7 405 250 356 283 140 42 65 445 401 152 132 397 428 164 274 210 198 146 418 131 96 320 101 95 475 463 287 249 116 178 403 169 97 331 300 495 59 64 231 446 71 497 138 462 243 345 325 157 354 315 227 247 308 366 327 377 209 494 221 416 238 72 241 396 48 484 219 107 115 187 335 427 200 105 49 382 239 344 499 341 86 13 166 324 68 477 406 137 43 37 321 319 118 109 22 85 183 158 470 156 1 73 240 376 266 352 167 94 15 5 25 417 267 278 491 337 329 459 379 476 14 383 246 481 154 41 264 372 253 369 288 385 92 98 425 317 469 455 236 259 263 374 273 225 23 153 162 193 393 347 330 245 290 39 304 371 234 191 6 2 30 361 52 460 307 185 474 402 456 426 58 485 339 216 314 400 349 3 226 165 487 179 251 111 301 201 149 195 176 480 467 340 391 121 9 21 285 364 11 133 440 186 367 334 182 453 294 217 214 496 17 389 192 441 40 429 388 151 394 62 310 233 422 190 359 70 342 128 395 489 150 423 313 129 295 142 99 465 252 255 100 228 296 235 299 46 328 370 110 260 323 206 124 215 375 16 386 492 357 336 207 136 436 53 199 437 338 312 275 498 408 84 281 208 471 353 390 392 302 87 457 175 223 398 232 205 244 33 380 346 32 34 77 229 28 360 292 218 181 26 271 78 358 279 29 19 61 104 197 432 458 60 27 322 451 270 163 108 420 258 351 414 444 50 280 373 466 83 144 411 262 433 242 276 51 434 261 435 493 80 44 318 461 332 488 143 316 147 161 82 211 123 57 333 291 431 454 141 387 482 447 102 343 38 35 36 184 293 56 127 75 473 305 170 237 63
112,BLOCK,38723,8 386 490 468 451 145 202 82 150 346 12 242 377 114 403 74 260 340 353 192 495 303 269 379 122 317 112 228 356 107 335 367 234 480 385 118 298 156 400 325 85 366 52 131 396 203 485 1 188 198 500 347 380 165 273 2 424 459 157 222 440 310 417 185 470 68 86 360 467 11 105 382 425 129 376 239 164 232 233 210 246 413 176 284 315 100 441 117 241 326 104 357 387 321 450 183 390 389 448 142 235 96 278 320 195 37 374 449 352 135 221 342 250 407 29 494 486 319 283 72 443 137 294 147 292 41 22 329 240 479 66 361 370 128 146 216 297 89 190 209 436 324 339 151 10 9 230 169 92 227 359 497 115 418 27 405 336 337 132 172 288 166 408 15 416 274 383 476 266 94 308 59 393 491 4 275 249 200 456 469 154 285 23 455 30 349 461 426 296 328 445 462 58 290 3 237 97 392 243 81 78 483 415 7 438 106 70 402 354 42 487 95 434 280 231 69 53 51 439 194 39 139 409 484 101 90 173 397 134 55 358 398 152 247 350 373 61 175 83 31 33 28 26 205 313 153 38 24 420 180 404 57 365 123 212 18 492 60 277 375 218 133 363 391 314 430 482 271 282 179 475 496 73 311 355 141 213 333 178 464 45 267 447 211 364 488 270 168 306 177 110 207 384 322 196 43 189 301 46 181 401 148 251 77 327 34 431 289 256 170 197 371 120 332 472 318 160 362 32 193 481 35 244 56 252 442 279 261 305 47 348 171 262 300 20 395 378 184 446 206 493 162 394 254 423 127 291 224 84 498 388 88 79 191 103 214 411 299 121 471 351 302 159 429 253 444 125 155 225 331 219 217 281 460 226 108 116 236 372 98 158 119 14 369 345 295 259 343 111 238 286 161 50 65 87 463 62 21 126 381 5 428 40 465 399 287 309 186 54 453 412 19 454 76 102 410 276 268 368 478 435 49 419 406 113 144 138 422 199 257 140 223 258 67 91 457 149 341 99 71 421 334 272 477 167 263 248 174 427 489 264 330 344 304 187 220 25 474 13 265 201 16 204 17 245 124 6 136 255 499 130 312 182 208 229 414 437 323 458 293 452 109 163 466 80 433 316 307 215 143 75 432 48 93 338 64 44 473 36 63
113,STD,26985,210 162 443 90 38 329 163 337 185 99 388 31 292 91 304 253 46 89 473 431 144 393 55 295 209 74 160 259 50 261 9 315 434 275 136 369 27 83 8 22 492 448 152 111 344 395 244 354 464 384 299 82 494 47 364 365 479 2 140 139 16 269 318 229 79 223 456 493 279 446 400 370 5 127 63 70 305 478 314 108 132 215 435 197 309 95 76 37 118 109 433 236 483 485 102 17 342 406 458 104 187 470 11 173 238 425 378 234 256 114 325 491 42 3 306 320 86 499 444 245 486 68 412 123 221 34 168 240 484 487 389 331 471 88 375 51 281 278 372 56 398 340 291 437 265 288 490 436 379 301 328 115 69 166 420 294 73 462 339 1 341 414 155 251 110 211 264 216 184 78 154 417 302 105 371 194 495 130 23 407 142 129 322 54 396 72 148 350 445 26 207 202 474 49 430 267 25 438 403 224 119 497 429 334 200 250 394 270 45 170 53 15 62 225 374 220 468 359 191 182 489 18 92 381 180 476 157 286 146 415 61 480 137 283 382 147 121 367 463 7 307 399 477 96 272 303 195 67 161 453 363 258 24 249 227 171 206 500 455 466 358 169 167 338 149 103 346 113 100 319 330 36 40 4 10 345 246 204 254 498 98 60 14 266 450 285 175 151 439 237 179 39 426 405 390 298 401 289 321 94 172 416 348 116 71 174 465 214 199 380 355 218 20 408 274 262 156 64 280 75 125 134 203 427 351 239 268 226 219 192 208 326 336 12 107 276 124 247 447 310 230 158 271 122 181 449 419 413 33 397 297 411 356 311 368 496 232 252 241 386 29 97 442 361 177 135 65 391 404 193 222 385 409 242 189 141 335 131 48 452 428 150 213 308 235 84 312 324 188 35 165 178 377 349 138 317 228 392 87 248 212 284 217 287 333 205 451 327 366 277 59 120 347 190 153 231 373 422 300 30 85 432 410 145 19 126 282 128 353 13 461 57 196 257 332 313 293 402 457 52 460 352 183 424 383 421 376 296 467 58 243 469 117 260 316 440 273 343 21 441 198 6 80 41 159 81 43 418 472 66 357 362 481 164 186 360 290 93 28 233 133 32 44 176 323 106 201 423 387 482 255 488 263 77 112 459 454 143 101 475
113,BLOCK,38251,162 31 329 89 71 419 279 443 86 494 464 487 152 192 435 312 377 47 166 482 249 248 101 372 102 403 118 485 349 400 75 264 174 96 363 10 307 326 67 342 182 390 78 229 176 325 397 177 404 14 33 493 447 4 233 231 290 115 160 62 5 288 128 394 327 340 412 208 432 100 211 368 175 424 225 232 9 163 486 282 410 499 257 365 2 6 361 273 263 260 52 87 181 186 369 17 123 316 460 388 308 94 441 29 457 297 366 497 303 324 80 300 315 199 478 244 37 27 401 313 16 252 456 466 289 253 145 44 396 158 50 422 106 284 378 337 159 49 22 165 305 69 347 103 259 112 190 21 389 93 481 292 164 209 28 423 418 12 41 66 151 323 136 364 356 30 193 65 32 362 261 81 72 90 155 437 445 431 483 414 206 274 392 23 309 110 446 331 311 19 267 455 429 500 321 147 36 108 200 154 187 465 59 153 7 306 8 276 436 470 416 406 53 234 39 220 92 354 35 498 379 218 172 219 70 333 99 427 359 268 73 131 477 434 97 142 212 381 320 453 178 204 338 191 319 420 421 38 197 395 393 353 183 281 236 228 275 171 217 223 407 251 138 358 135 272 370 402 48 374 360 448 55 277 440 357 304 343 170 243 140 373 391 469 345 287 293 350 467 43 473 11 496 133 479 210 237 386 120 376 117 269 198 344 116 227 46 428 91 266 56 207 222 425 459 488 247 339 449 3 144 205 254 239 60 317 58 64 285 124 63 235 167 24 214 122 495 245 310 384 451 492 385 291 490 109 351 179 185 302 398 34 256 114 40 148 444 241 258 352 335 271 405 184 450 280 195 42 462 265 371 79 137 215 126 26 430 121 383 188 240 474 68 20 367 298 489 283 180 375 85 150 13 296 230 238 452 286 399 348 82 83 426 132 61 213 417 278 95 15 189 355 25 105 111 438 173 411 54 250 468 491 18 476 161 130 129 415 88 346 471 45 318 224 221 146 294 156 134 270 76 463 203 1 149 484 299 242 330 168 480 433 226 314 194 439 458 84 328 107 113 409 119 104 408 157 202 246 216 98 322 382 461 334 336 139 125 141 332 301 262 413 341 143 51 380 442 57 196 295 201 387 74 454 169 472 127 255 77 475
114,STD,26934,1 165 301 117 433 142 268 299 170 437 148 359 258 383 325 442 133 120 367 206 103 344 73 443 272 166 132 191 139 328 174 295 93 285 481 427 270 473 300 171 95 193 49 151 77 41 454 40 280 8 376 470 67 4 150 58 57 404 292 412 197 157 331 190 214 278 149 110 283 61 128 220 225 89 184 409 35 131 396 386 71 489 366 267 431 44 321 464 200 118 419 276 146 147 380 10 384 135 282 351 210 136 395 11 59 369 66 32 97 223 14 326 445 212 158 316 30 192 88 330 161 391 72 462 183 264 113 162 178 448 241 19 134 498 169 408 222 185 303 250 349 263 381 467 311 411 153 99 106 424 338 254 188 20 496 297 245 224 21 324 368 159 42 304 410 124 217 360 387 436 302 452 218 252 457 378 343 478 75 127 435 257 28 322 499 15 480 31 417 362 290 314 394 332 69 308 430 465 358 261 33 81 287 357 235 202 275 251 12 355 236 13 24 472 86 102 494 348 55 231 194 482 392 16 234 323 43 63 488 47 36 244 256 371 491 288 140 336 421 205 187 318 468 154 109 208 91 309 398 459 312 374 52 414 483 80 353 143 196 425 486 350 84 216 428 279 5 265 37 281 365 335 114 107 284 155 201 237 179 108 313 247 45 6 364 204 477 213 221 479 152 450 25 337 105 100 177 393 346 65 130 320 342 168 96 156 189 17 229 137 9 2 232 116 444 242 455 429 438 123 315 164 227 144 119 129 54 340 269 432 319 310 382 167 18 474 422 125 112 401 199 327 305 255 172 76 115 492 416 463 476 111 377 403 219 215 461 390 490 339 447 347 50 60 423 439 296 70 233 83 469 415 195 400 207 248 385 176 181 352 418 94 160 441 48 485 493 62 230 56 87 90 471 85 240 402 3 307 405 397 209 475 341 238 354 298 466 356 329 406 104 379 306 64 211 484 173 27 253 23 274 101 451 372 434 293 39 388 34 273 79 46 266 203 175 26 98 243 446 121 317 53 226 271 497 449 7 456 407 289 487 334 333 78 375 440 145 361 260 370 249 458 29 399 239 92 228 68 294 363 141 180 74 122 420 453 182 82 51 426 413 22 138 500 389 38 291 246 259 373 126 286 277 460 163 198 495 186 345 262
114,BLOCK,38820,151 110 184 498 391 172 330 395 66 54 67 250 436 257 237 47 12 33 81 96 326 332 2 108 465 288 462 483 177 189 340 450 202 204 494 104 291 167 347 269 25 261 217 275 205 53 339 134 136 353 421 469 155 488 222 156 464 429 107 445 438 355 52 341 185 378 249 87 83 470 312 124 271 418 14 84 30 253 35 231 283 372 21 302 174 138 325 307 370 406 5 85 82 426 331 259 170 263 440 240 191 68 115 467 344 479 171 265 471 328 384 197 329 165 453 411 285 451 75 449 274 324 11 213 128 93 7 459 300 303 366 121 92 200 220 116 210 374 111 10 187 39 399 158 296 294 159 106 447 282 343 383 400 48 368 268 31 148 118 286 127 317 461 358 142 371 154 278 386 420 262 433 74 404 314 247 417 255 135 397 207 409 32 301 379 131 102 147 311 4 34 125 251 320 484 196 354 304 472 208 338 369 37 316 416 352 401 382 425 161 455 69 242 80 70 235 13 362 224 212 272 427 152 109 410 188 499 105 492 218 153 72 63 76 129 393 342 145 419 227 51 163 190 446 500 308 349 199 45 141 19 481 58 169 146 454 50 376 149 280 375 388 318 38 335 160 497 236 65 241 24 166 150 485 114 466 201 123 221 337 89 209 211 193 238 228 133 248 139 389 194 186 363 226 350 361 126 437 276 345 413 246 22 1 407 293 381 442 117 402 489 456 198 98 61 64 270 392 203 414 46 468 480 122 26 299 40 321 260 162 103 405 295 356 463 323 132 306 55 310 390 62 313 431 23 315 56 357 157 59 215 90 279 73 206 176 281 458 27 78 482 179 478 216 219 336 8 439 178 130 9 86 327 195 441 305 380 490 448 424 365 394 290 234 396 77 6 168 164 43 119 319 229 256 486 232 422 477 258 233 20 100 493 18 435 173 360 387 36 348 430 423 140 452 91 57 120 292 29 473 181 95 245 432 15 444 487 49 474 415 297 99 223 225 333 60 408 287 334 3 71 457 377 144 16 284 254 113 94 143 264 239 385 183 41 180 273 359 398 434 491 428 364 495 277 244 44 367 289 443 475 230 309 322 214 88 267 496 192 79 351 298 112 28 243 252 346 97 175 412 182 137 17 101 476 373 403 266 42 460
115,STD,26816,114 43 281 274 313 226 137 448 475 84 81 240 412 246 305 369 449 480 177 409 18 136 440 36 94 283 57 297 444 433 333 31 334 59 491 124 500 280 423 266 406 144 189 271 235 140 265 102 172 371 82 309 401 100 314 322 357 176 13 67 62 23 360 347 476 342 430 469 107 374 80 197 446 361 147 289 143 228 153 464 237 20 382 359 103 221 183 63 98 255 186 110 354 78 66 399 390 346 248 327 201 284 400 318 87 9 443 263 316 364 184 474 337 331 236 58 321 355 131 2 191 260 121 89 482 473 204 54 6 210 416 419 208 396 19 251 199 336 247 22 165 225 79 117 268 388 454 55 8 379 489 264 492 279 142 46 460 317 435 311 244 91 130 133 358 278 253 353 138 75 452 463 293 30 363 154 445 439 273 61 232 239 415 5 77 190 192 485 411 451 49 292 206 109 465 64 477 488 171 202 168 320 180 458 134 470 25 155 315 21 257 426 156 47 42 44 362 262 332 163 308 438 326 222 456 356 341 128 378 468 339 39 410 381 376 370 471 157 483 424 135 394 160 249 209 345 185 101 277 123 7 495 455 245 457 425 387 324 212 24 453 338 296 386 241 319 181 158 291 421 27 40 367 494 34 276 53 252 330 3 200 298 300 384 105 122 479 437 420 16 256 111 383 404 170 335 150 434 398 431 436 141 161 286 301 290 93 86 173 441 119 442 96 132 459 178 238 113 350 391 428 26 90 223 129 162 115 466 385 472 37 127 310 76 203 325 366 408 368 72 56 402 104 145 487 432 259 299 272 285 169 414 422 405 194 38 217 1 70 499 261 120 219 254 174 478 50 14 193 352 106 328 250 28 164 258 88 45 380 229 403 302 218 242 224 211 490 92 10 167 231 417 187 418 17 395 97 392 413 48 73 220 125 35 323 41 307 447 243 207 51 151 216 188 377 294 389 29 484 486 52 373 343 71 407 429 95 287 481 4 288 74 267 182 365 233 195 306 372 196 85 83 461 68 126 304 282 427 215 375 303 159 269 205 152 179 340 496 295 118 351 270 213 198 227 33 69 65 493 497 166 329 312 349 175 149 148 32 348 467 344 108 11 234 275 99 462 112 450 498 12 230 116 214 393 139 60 397 146 15
115,BLOCK,38341,102 240 390 391 379 483 144 326 409 402 246 466 36 145 59 5 168 346 297 203 30 472 7 248 327 138 87 206 314 55 443 142 208 364 319 238 353 492 106 434 358 439 315 335 25 456 128 132 422 123 218 174 398 385 363 219 495 389 70 277 164 484 306 119 365 316 452 139 62 372 86 491 192 279 454 84 90 374 113 298 236 69 286 404 182 432 89 447 54 270 342 136 399 157 39 235 498 264 429 355 347 294 63 395 107 321 328 485 320 461 377 222 85 14 318 296 250 486 276 307 151 251 129 27 171 44 290 126 473 193 247 271 334 480 459 433 120 228 332 381 61 252 370 229 115 41 150 24 416 131 194 167 412 417 476 6 160 425 166 50 230 45 430 499 48 283 375 469 75 497 202 184 329 344 66 348 265 341 281 369 393 95 269 478 116 468 226 223 496 231 207 12 313 214 397 176 233 244 309 411 18 474 304 463 163 449 239 73 53 78 336 180 155 234 156 471 293 162 419 262 232 101 455 339 359 257 58 122 56 92 9 154 127 310 38 437 311 191 49 125 387 80 479 477 453 442 431 451 170 220 82 406 268 51 295 292 33 93 64 210 195 382 133 289 216 34 11 172 360 108 288 305 489 444 263 407 153 189 490 460 134 147 76 259 405 396 117 148 261 225 94 445 161 464 105 28 103 362 100 450 16 354 2 4 349 256 165 280 13 114 37 438 211 42 254 77 284 308 408 72 110 253 337 388 383 386 88 173 488 97 111 357 494 21 410 104 366 465 384 435 224 322 352 266 47 380 378 394 158 135 426 209 470 367 98 67 392 338 436 10 200 413 421 79 481 350 68 323 212 159 340 91 330 401 146 199 124 317 8 198 178 324 345 141 221 237 175 260 258 130 152 83 74 440 285 197 205 446 415 190 65 118 26 227 22 204 500 241 243 140 267 414 368 177 462 351 31 1 96 40 302 371 428 143 181 458 423 274 57 46 20 137 272 361 467 427 273 183 43 291 217 186 109 121 441 245 278 185 493 356 331 255 187 19 188 403 301 303 213 196 420 418 287 300 457 487 400 35 376 325 179 3 169 482 23 299 29 282 71 343 32 52 17 424 81 475 448 242 275 333 249 373 60 112 215 201 149 312 99 15
116,STD,27076,156 369 241 495 108 154 357 335 348 119 24 83 288 428 320 143 80 219 12 149 230 109 26 44 363 476 174 172 468 395 177 264 342 125 39 451 37 118 95 362 139 301 473 218 43 402 183 485 330 372 261 117 423 353 285 229 396 263 405 446 337 152 171 359 368 103 59 326 127 188 36 207 173 155 202 72 247 356 31 45 478 321 411 51 404 315 296 5 249 8 99 319 227 322 300 105 291 222 63 214 277 260 312 420 204 20 2 257 28 132 408 268 11 480 302 415 341 89 294 432 456 206 316 133 251 198 325 73 191 425 477 282 464 19 208 275 104 494 41 150 470 178 393 34 14 163 113 364 136 186 187 179 290 93 233 75 248 64 235 421 447 161 267 250 96 328 414 490 426 128 234 307 367 460 189 266 49 366 205 390 194 430 217 106 256 345 146 449 23 107 212 88 387 237 138 452 101 292 354 47 228 276 97 453 355 385 331 66 281 50 62 56 305 314 418 352 57 409 386 29 493 472 240 273 181 201 90 486 232 499 334 439 144 81 491 7 496 55 375 287 419 15 498 10 466 84 417 16 79 433 245 48 400 141 373 462 74 401 394 3 444 458 226 94 339 371 184 303 225 318 435 297 126 157 76 254 365 441 454 211 481 338 488 196 91 42 383 403 180 220 236 377 382 434 185 170 379 376 129 358 269 374 102 22 272 21 391 192 244 265 176 332 199 436 239 200 67 238 116 242 121 450 151 193 349 164 165 166 474 406 13 344 410 253 489 210 130 309 252 100 389 215 124 147 431 92 361 182 86 279 69 492 98 122 160 243 422 58 112 475 137 324 131 115 370 442 168 190 61 18 289 32 87 397 35 308 30 360 311 378 427 271 500 71 255 27 53 221 78 392 343 145 33 286 329 350 65 313 4 46 1 246 77 120 153 278 416 293 231 68 140 38 223 60 412 497 445 259 114 388 381 82 258 270 323 461 424 487 455 437 304 440 159 299 6 407 134 70 213 17 463 317 9 195 306 54 336 398 110 142 346 448 40 85 384 351 479 197 280 135 459 216 111 283 148 380 467 471 465 469 333 209 203 169 274 167 284 175 52 347 413 327 162 484 429 443 482 158 310 340 298 295 123 438 483 399 457 262 25 224
116,BLOCK,38667,369 285 89 80 219 348 400 26 294 20 273 335 222 14 60 470 351 158 24 172 450 16 363 456 495 482 209 83 203 396 451 274 284 18 430 356 135 260 282 39 475 377 30 439 320 231 44 417 243 353 213 178 500 138 473 36 171 432 269 127 262 103 120 249 72 223 392 227 110 389 131 111 415 442 170 236 345 164 252 498 10 102 175 472 45 304 185 318 105 489 312 367 412 322 278 238 337 130 190 165 264 7 411 453 328 90 286 459 469 319 333 466 210 301 189 445 81 156 457 373 401 465 163 491 365 101 142 47 388 188 419 153 496 298 218 268 492 463 17 160 409 327 75 13 12 452 149 28 296 368 479 429 428 405 184 168 258 148 66 21 25 37 78 58 484 325 133 166 62 481 11 57 261 79 433 454 99 54 174 386 19 147 73 141 347 478 56 92 421 349 109 4 132 423 200 300 441 50 144 51 134 483 402 288 197 46 287 280 263 198 152 486 237 289 418 354 48 201 391 462 49 474 228 239 372 136 192 425 382 272 334 34 113 88 181 290 93 255 449 408 187 292 87 458 68 399 343 350 394 267 244 375 494 370 493 226 235 32 112 265 387 436 303 435 266 69 180 122 15 499 124 151 199 444 488 64 159 242 253 128 379 437 202 35 281 480 146 74 106 121 8 305 420 383 434 6 414 306 250 22 497 317 150 426 314 248 157 179 212 359 342 251 313 208 129 126 460 302 217 97 309 86 397 374 404 232 297 403 275 139 440 270 380 70 385 341 96 115 376 378 206 76 338 477 364 352 71 215 271 311 221 406 321 410 390 77 107 211 173 339 407 1 257 371 256 331 336 362 485 108 276 361 186 279 59 183 293 3 233 9 161 220 193 464 240 167 40 340 315 234 23 381 438 52 207 259 447 330 413 468 283 467 308 191 346 205 194 123 125 169 117 91 310 98 155 490 230 177 291 448 84 176 229 33 277 393 196 224 225 471 316 358 487 214 38 299 326 143 119 443 27 295 31 355 424 95 446 100 395 431 116 137 357 307 94 85 366 61 204 241 476 82 63 118 65 42 195 422 247 55 332 104 360 162 2 427 140 41 145 43 246 5 182 461 29 329 67 384 53 245 154 216 344 114 455 398 324 416 323 254
117,STD,26757,464 326 252 57 106 22 187 31 356 324 237 219 312 223 344 78 381 472 115 145 486 432 138 141 265 301 330 391 415 151 113 366 461 214 2 380 228 308 352 266 241 196 173 17 263 25 500 105 360 19 376 203 243 495 8 185 426 295 347 332 163 116 120 328 144 247 470 210 397 448 37 13 365 140 257 127 109 340 94 14 264 281 233 450 36 110 378 372 388 125 134 209 478 280 180 68 445 379 455 488 175 64 148 373 26 12 460 288 9 414 139 350 179 424 242 316 159 119 487 18 298 155 296 46 275 314 118 443 271 224 193 441 430 182 61 285 235 44 170 311 166 270 490 50 289 212 442 33 392 394 471 164 431 333 238 466 370 72 412 428 444 317 102 126 160 485 150 1 480 413 342 452 367 438 343 482 362 246 425 83 250 382 80 40 497 167 111 481 294 225 169 433 43 286 158 273 320 178 147 292 192 15 368 254 42 4 100 346 172 422 309 39 269 496 99 331 277 329 483 337 385 401 211 361 399 47 384 146 457 304 462 218 499 221 131 492 66 24 477 334 143 315 220 282 256 30 245 389 7 353 313 409 279 232 407 74 10 59 255 236 87 291 272 268 453 278 251 186 208 130 474 449 463 177 393 137 90 354 327 300 400 418 240 133 54 41 38 498 439 371 168 403 142 451 183 207 239 86 473 65 108 395 76 383 124 107 191 302 199 325 341 435 262 274 204 101 406 402 32 48 303 95 55 468 79 29 27 215 258 357 75 321 49 21 446 493 184 454 411 198 3 28 189 35 20 229 253 222 92 129 154 171 338 81 67 374 349 188 369 202 293 201 336 56 71 227 45 476 149 117 297 408 358 181 206 489 467 53 234 440 11 216 63 153 51 82 494 58 479 197 364 136 77 62 420 157 290 359 132 306 267 386 261 404 437 318 345 323 335 230 284 307 231 429 114 122 112 97 416 287 458 152 91 23 34 60 165 89 491 355 104 248 417 423 276 259 69 5 73 200 305 339 310 319 213 398 128 351 70 135 421 475 103 375 405 260 156 484 123 217 419 195 162 52 226 174 249 283 299 348 205 396 194 459 436 93 322 98 85 465 121 390 161 434 16 190 84 96 456 377 410 6 387 447 176 88 427 469 363 244
117,BLOCK,38297,464 57 360 185 352 350 241 326 106 31 155 142 490 25 303 482 177 68 69 264 163 454 494 461 181 19 159 314 271 393 286 317 35 488 246 44 227 90 341 209 197 273 26 433 423 52 458 111 95 107 141 337 484 335 492 137 270 367 150 275 97 207 383 312 116 98 3 13 130 313 16 237 166 72 74 288 167 392 100 255 311 460 104 409 366 496 148 158 414 449 327 164 342 361 413 442 250 125 333 32 294 316 243 329 75 87 147 211 258 428 131 58 463 272 221 66 389 143 441 475 426 340 476 331 374 133 347 293 232 450 417 373 497 418 376 425 229 328 55 397 315 42 27 300 63 14 193 215 370 92 135 149 318 378 395 443 302 165 323 198 493 388 162 182 371 267 37 114 56 236 358 408 192 290 24 304 157 263 103 292 195 83 282 91 403 43 445 153 285 196 391 144 151 365 349 216 491 239 212 23 50 478 191 2 369 455 279 368 245 280 109 308 359 372 189 77 309 86 9 429 1 12 400 108 474 489 15 71 46 222 176 170 453 171 268 284 254 281 466 20 220 29 59 160 76 437 30 101 41 129 54 99 435 124 468 274 67 139 452 53 175 430 118 146 208 402 399 21 291 204 61 40 457 64 297 82 172 38 179 467 233 48 470 36 225 481 298 201 277 394 34 200 363 79 416 257 380 465 319 306 377 213 431 93 410 145 210 231 344 405 462 249 112 113 22 444 252 440 459 84 180 266 126 202 154 47 330 471 295 11 230 487 94 169 499 415 223 132 401 495 168 228 438 39 218 362 134 120 188 432 127 183 214 382 379 89 446 283 412 184 248 296 65 256 336 346 33 386 364 253 498 206 439 186 199 485 424 205 411 10 262 480 235 354 240 28 259 238 226 287 387 251 45 247 384 422 325 174 123 7 140 178 136 203 447 138 78 305 479 278 390 265 355 244 194 500 117 261 70 396 219 234 187 119 6 375 381 456 289 434 404 324 477 322 486 62 472 18 5 320 260 332 427 419 242 301 17 81 51 321 448 173 473 276 420 451 217 421 357 307 398 343 85 152 102 105 115 299 310 110 351 4 356 483 224 156 338 339 128 406 348 269 334 73 121 353 80 49 122 60 407 161 345 436 190 96 385 8 88 469
118,STD,27179,6 432 372 220 453 350 94 391 285 38 403 355 28 273 113 462 272 191 247 421 411 288 52 377 201 428 116 366 172 192 146 342 166 107 143 485 424 263 149 67 458 215 121 136 238 300 256 344 378 241 336 334 457 306 229 474 416 37 148 426 177 448 114 323 197 152 207 87 493 239 159 204 198 16 193 381 429 282 258 460 56 228 308 331 125 23 472 147 488 469 105 406 314 447 84 343 260 9 186 237 347 293 208 396 14 171 209 70 124 329 431 86 338 184 33 3 230 165 310 482 24 422 111 1 322 50 168 454 167 316 441 307 410 265 442 132 487 34 395 496 388 452 279 95 387 337 360 284 141 477 296 455 212 451 246 115 278 351 25 445 499 330 370 436 295 158 450 473 467 481 40 195 267 301 480 49 5 101 340 39 405 348 479 205 298 264 170 144 155 389 409 216 103 297 211 363 491 163 361 98 399 476 275 223 106 401 162 244 373 180 413 497 119 137 202 287 358 400 492 289 368 375 367 154 259 93 117 234 182 210 325 353 118 418 484 123 253 13 280 46 335 398 257 235 176 104 444 461 319 22 385 78 74 231 85 251 294 151 82 44 63 383 21 483 92 157 254 498 266 59 226 386 379 283 255 61 362 309 271 200 179 36 443 30 175 135 60 29 91 89 415 18 31 96 490 459 364 440 190 317 19 394 433 142 181 427 384 79 357 305 407 500 437 245 217 236 100 99 68 468 26 66 80 140 213 438 261 326 62 318 178 315 160 412 402 112 290 341 127 232 233 15 20 139 122 392 83 173 380 333 470 277 2 327 108 475 276 435 414 90 419 486 64 434 75 43 7 471 150 88 187 153 299 495 390 393 243 222 292 420 145 110 17 252 242 196 47 250 188 371 408 463 133 274 249 161 354 77 240 224 194 349 369 126 169 446 189 227 27 328 214 359 302 51 269 81 203 128 58 72 11 129 199 12 321 42 494 376 45 417 69 404 262 48 332 10 221 352 97 57 8 425 456 54 73 32 397 291 449 423 109 218 156 71 131 304 183 345 130 466 439 134 374 281 270 489 55 365 174 4 65 311 303 206 120 225 76 320 35 53 465 464 312 138 346 185 382 339 478 356 164 41 102 268 286 248 219 313 430 324
118,BLOCK,38507,6 478 372 113 401 475 457 148 371 438 281 445 442 205 241 65 264 172 316 466 227 493 149 207 195 261 132 159 244 355 222 317 186 98 424 147 431 342 258 387 287 307 467 208 165 472 500 134 315 190 78 308 349 58 99 306 125 370 477 469 325 157 115 410 266 407 3 57 440 396 412 192 423 73 67 26 81 332 479 341 201 481 284 34 435 386 289 348 2 354 276 196 181 260 319 250 95 379 484 265 163 451 204 17 11 197 458 498 305 286 92 168 32 56 114 389 235 90 275 436 433 83 7 369 252 340 361 422 384 93 213 256 43 161 150 441 277 392 447 229 146 488 177 462 328 312 351 397 10 364 40 88 390 151 68 51 44 299 350 296 259 187 393 122 274 301 280 427 404 59 212 279 25 271 473 199 101 232 358 223 378 123 262 173 295 368 171 247 74 395 145 290 155 309 238 41 418 494 320 179 476 144 110 156 45 66 94 454 188 215 136 420 302 8 174 16 400 398 263 283 106 474 35 272 426 38 429 373 344 84 421 226 491 337 254 333 135 198 52 480 49 50 18 47 166 203 72 399 118 139 108 184 87 298 119 175 455 249 124 167 154 360 75 1 443 297 162 202 497 182 12 338 496 128 111 300 414 353 452 243 42 343 461 323 237 70 314 239 211 216 245 30 236 104 63 21 82 444 80 405 347 210 376 331 141 200 22 383 251 335 357 388 79 294 487 31 19 91 394 100 327 96 334 158 310 178 234 209 483 453 242 456 446 430 183 248 233 77 218 220 268 382 46 189 449 191 130 221 374 228 322 102 194 85 103 37 230 437 39 432 409 55 15 499 129 127 385 326 117 425 255 133 403 377 464 460 468 23 64 408 367 231 193 391 246 20 164 152 69 282 109 48 330 53 415 33 486 463 28 137 107 5 288 413 375 434 143 71 269 292 471 176 411 267 406 417 224 362 86 24 450 293 381 485 180 428 54 482 62 61 278 490 419 140 185 9 465 329 217 60 142 36 318 459 126 29 336 304 273 121 402 359 4 257 225 89 169 131 363 27 345 14 240 495 311 76 116 285 291 448 97 439 160 492 365 366 346 206 138 270 13 214 380 352 321 120 416 339 170 253 105 153 489 219 313 303 112 470 356 324
119,STD,26545,232 224 297 364 350 38 18 405 310 431 40 229 285 249 409 13 92 392 208 186 178 56 86 483 196 425 354 143 493 64 470 339 356 104 383 177 187 454 442 262 263 7 206 216 173 455 330 192 183 63 237 312 458 76 14 12 39 419 200 8 413 157 276 20 265 490 332 57 61 361 135 280 33 378 228 420 343 488 452 445 158 257 19 417 248 291 304 252 477 278 49 189 97 48 85 271 418 214 46 180 371 227 482 358 498 331 435 373 174 391 270 293 412 496 239 4 379 329 245 441 62 223 153 410 296 213 299 219 416 36 338 340 463 118 127 193 5 374 480 313 268 242 287 344 21 128 218 91 395 474 124 260 307 298 172 41 432 484 139 269 159 456 472 465 54 394 446 489 17 311 451 443 357 327 295 244 88 345 246 404 84 133 10 254 264 220 50 487 387 35 24 322 476 273 323 367 22 314 315 255 422 105 365 414 288 407 67 191 337 147 107 306 495 155 116 466 80 94 117 353 11 55 303 328 182 438 402 341 243 272 210 137 102 491 162 397 34 485 221 70 217 450 73 494 400 375 152 434 317 234 188 464 163 114 448 430 370 81 42 479 301 59 308 266 380 209 90 122 251 151 108 459 389 26 79 284 58 207 396 194 497 398 256 75 198 138 469 381 453 222 146 486 66 499 9 393 87 82 28 103 176 129 318 421 334 83 326 238 386 101 130 468 140 294 436 478 360 27 175 154 403 250 6 384 439 305 96 282 316 406 399 433 184 286 112 444 279 376 300 190 89 52 390 204 302 369 428 71 426 136 289 120 401 241 481 119 164 377 29 319 235 290 333 415 171 309 368 165 185 247 447 141 202 292 31 170 411 349 99 44 131 148 471 212 461 98 424 167 342 462 231 179 32 15 3 69 253 347 457 125 132 199 467 51 201 2 95 355 500 16 149 45 423 283 123 65 166 145 366 25 321 427 68 348 335 388 211 195 23 437 372 156 100 267 325 78 230 362 240 160 144 236 351 215 281 473 161 74 449 205 336 258 233 168 121 169 277 37 352 197 110 126 106 225 275 77 274 382 259 261 142 109 440 324 359 47 1 111 93 53 346 320 43 203 150 492 226 475 60 134 363 385 460 429 115 30 113 408 72 181
119,BLOCK,38277,250 350 104 322 63 405 493 64 308 86 99 57 131 76 215 46 31 186 284 154 394 216 33 136 238 484 293 412 55 328 422 441 173 264 294 463 376 2 221 446 214 246 90 432 413 84 318 402 184 269 68 434 273 400 416 268 202 24 306 451 430 37 266 317 329 421 495 476 117 450 436 189 315 249 7 121 426 370 244 229 22 213 261 26 473 77 219 118 423 296 233 179 381 290 62 5 499 417 88 251 254 50 43 362 158 368 165 188 465 150 78 398 61 112 382 15 410 280 141 231 361 107 289 42 211 143 379 352 200 447 168 391 371 201 335 356 25 403 48 45 106 12 429 467 205 227 444 49 223 344 79 409 482 286 18 377 126 220 142 324 291 263 247 230 30 325 357 395 175 245 60 40 139 424 408 320 310 277 431 163 224 373 490 435 420 217 354 494 95 498 358 14 437 404 98 342 21 438 82 301 128 234 58 258 187 240 228 464 91 479 75 327 6 309 152 333 148 256 242 114 138 337 295 35 207 303 44 122 209 487 480 443 67 185 369 414 360 292 194 204 140 455 237 191 496 81 192 272 59 151 96 100 9 16 4 171 167 471 3 27 312 38 155 389 89 477 159 338 51 407 127 225 17 364 276 65 383 97 53 442 203 177 101 313 428 172 144 252 330 287 385 483 374 399 378 109 314 178 275 166 340 260 445 363 285 481 36 129 92 20 239 307 453 491 452 279 116 332 347 331 137 70 454 54 11 466 283 222 343 334 387 468 439 34 133 218 456 271 419 10 311 486 80 13 8 298 41 401 375 393 87 372 392 56 458 257 208 157 457 196 474 288 440 265 478 74 28 384 83 305 164 170 103 176 462 459 145 449 321 282 193 149 253 160 262 433 39 71 85 348 153 367 66 411 130 195 124 299 180 448 485 183 353 132 108 386 302 226 323 146 497 472 319 248 212 73 235 341 396 365 489 469 174 278 243 427 94 161 345 198 390 300 19 349 29 297 460 236 69 102 123 339 336 93 169 461 281 210 406 470 47 380 232 415 23 267 326 52 255 134 105 111 156 359 274 241 115 270 135 316 355 418 488 110 182 500 1 32 397 119 147 162 206 351 475 304 190 425 366 72 259 197 199 388 181 125 346 120 113 492
120,STD,26901,226 134 146 44 114 316 152 85 421 424 398 410 262 129 283 150 375 357 485 120 479 470 257 263 255 4 309 220 86 50 452 43 168 370 446 363 200 314 142 10 148 453 172 482 414 46 244 390 346 143 213 170 16 458 466 282 463 92 246 193 415 438 72 17 31 365 317 305 135 306 204 131 406 54 227 199 445 270 266 368 94 261 130 136 480 279 89 474 341 19 122 374 125 7 91 218 388 297 274 24 95 157 407 183 212 221 108 224 28 247 433 175 382 256 203 115 104 339 67 27 236 307 329 243 455 373 271 65 215 83 380 362 166 288 498 195 111 233 496 189 367 334 286 106 340 332 401 39 128 347 21 58 402 299 2 144 252 325 333 219 359 358 248 483 499 435 409 318 30 372 335 355 447 88 119 93 159 344 253 377 66 64 63 434 62 77 451 57 461 391 298 41 188 383 457 164 364 394 214 366 449 311 416 165 141 304 37 109 481 232 285 96 118 202 422 427 290 185 35 181 11 98 237 490 475 404 169 207 411 154 454 69 258 399 99 234 323 296 76 448 326 137 343 138 97 432 216 162 223 6 173 308 49 133 278 265 8 302 331 354 174 450 495 59 22 281 29 484 147 60 5 303 444 163 235 127 385 161 177 322 491 20 47 179 440 324 33 494 245 56 156 348 313 469 443 275 36 260 178 478 55 294 408 52 389 153 139 321 70 295 90 320 80 124 238 319 493 471 349 497 158 400 467 87 42 465 277 425 386 102 160 82 464 242 276 284 273 500 384 171 9 123 267 300 342 117 23 486 293 112 198 289 132 430 436 101 110 426 395 360 431 231 217 78 269 53 418 429 205 81 492 196 403 345 113 254 68 356 100 337 191 473 79 75 201 371 209 327 61 126 192 381 361 176 222 197 14 40 312 38 353 393 74 45 240 140 151 34 379 352 328 350 228 206 155 1 51 71 441 48 462 369 251 417 103 472 230 184 73 420 315 32 190 338 13 272 18 259 419 310 330 3 397 459 487 249 376 442 336 301 428 280 180 468 194 378 182 167 405 291 268 396 489 145 387 250 239 488 211 287 121 149 477 264 186 392 25 456 84 413 423 210 412 12 476 437 107 105 292 225 15 116 351 460 208 229 187 26 241 439
120,BLOCK,38319,339 370 38 225 447 85 47 107 146 283 187 351 357 127 152 25 406 230 360 470 485 16 71 109 437 86 129 9 112 266 241 452 182 442 183 149 84 431 342 167 44 158 184 111 115 488 200 456 212 224 130 396 292 445 196 136 390 3 170 41 438 61 114 74 145 78 131 416 108 362 435 320 29 246 122 472 315 296 88 305 473 202 439 91 346 19 330 1 371 280 264 312 227 168 121 375 402 341 211 24 143 497 172 217 139 128 42 233 474 174 382 237 33 324 314 235 134 304 80 48 207 141 164 218 462 369 113 328 393 75 138 463 381 492 325 260 278 197 177 11 21 294 40 135 155 465 240 124 344 213 276 486 496 215 120 423 397 429 458 365 268 259 73 363 46 190 282 323 51 277 405 284 366 248 43 394 440 433 368 81 153 13 426 460 348 18 193 313 12 293 186 210 257 106 256 68 468 69 376 55 45 70 415 92 137 262 412 245 413 477 160 50 54 191 420 459 466 79 72 453 476 389 407 428 301 450 352 489 300 399 22 181 421 410 220 493 4 322 327 67 34 500 96 7 487 142 148 14 60 226 104 140 5 309 333 166 404 89 31 222 310 203 6 386 321 175 411 188 355 441 249 231 303 308 347 288 247 255 273 455 180 297 270 417 364 377 32 99 311 214 274 479 378 372 467 194 392 335 98 265 62 317 100 151 221 66 414 176 228 261 263 252 150 443 388 125 461 269 236 254 205 329 345 469 349 258 451 49 35 332 165 133 286 384 432 243 307 302 340 123 353 39 299 374 446 275 159 126 204 395 425 498 59 380 336 271 87 178 195 285 400 253 28 448 290 157 10 401 2 118 499 358 337 77 102 27 58 418 356 434 179 295 52 76 409 298 132 359 234 144 334 147 494 36 449 105 343 30 173 391 90 279 427 154 82 162 185 354 481 471 23 373 483 169 97 287 331 57 430 318 408 267 8 398 444 192 436 242 103 37 251 306 189 83 250 480 198 156 490 403 383 457 223 94 454 17 201 244 219 326 422 491 495 93 216 64 20 63 65 232 385 95 319 350 464 208 199 482 281 161 163 56 478 484 117 101 110 238 475 361 206 119 53 419 209 289 367 229 239 171 316 379 26 272 424 15 291 116 338 387
