run,experiment,fitness,eval_time_ms
0,0,250.954364393594,0.3505
0,1,360.267788631164,0.3505
0,2,390.297758287082,0.3505
0,3,501.64754370488,0.3505
0,4,391.971573641221,0.3505
0,5,324.513641039324,0.3505
0,6,473.070285551552,0.3505
0,7,483.840869223983,0.3505
0,8,346.734905667271,0.3505
0,9,327.009232671916,0.3505
0,10,379.519846335565,0.3505
0,11,382.978911050709,0.3505
0,12,314.938333571253,0.3505
0,13,458.318127824254,0.3505
0,14,388.472374142642,0.3505
0,15,323.609758028256,0.3505
0,16,543.665387153126,0.3505
0,17,457.753521170458,0.3505
0,18,528.495572459948,0.3505
0,19,487.854944906684,0.3505
1,0,289.183798726862,0.3014
1,1,337.350202225217,0.3014
1,2,337.230260457333,0.3014
1,3,364.773546629751,0.3014
1,4,552.497385535521,0.3014
1,5,458.337147660039,0.3014
1,6,352.312880823175,0.3014
1,7,405.406449552233,0.3014
1,8,467.958851748714,0.3014
1,9,470.31976477259,0.3014
1,10,440.711437150299,0.3014
1,11,357.002302689295,0.3014
1,12,512.423957732277,0.3014
1,13,366.981656248988,0.3014
1,14,310.774978817471,0.3014
1,15,341.20034170745,0.3014
1,16,323.877194519616,0.3014
1,17,397.395493294432,0.3014
1,18,510.573653943367,0.3014
1,19,441.226156215903,0.3014
2,0,438.937663234045,0.3746
2,1,406.963889824573,0.3746
2,2,388.605370700763,0.3746
2,3,632.338653484226,0.3746
2,4,503.075807297937,0.3746
2,5,515.035069583782,0.3746
2,6,434.893263219347,0.3746
2,7,459.576104164085,0.3746
2,8,381.726000017433,0.3746
2,9,361.38580904277,0.3746
2,10,296.036122883245,0.3746
2,11,530.108221756153,0.3746
2,12,353.751706314793,0.3746
2,13,428.570428776013,0.3746
2,14,386.402313572089,0.3746
2,15,448.530778601284,0.3746
2,16,505.122088089829,0.3746
2,17,485.229100572171,0.3746
2,18,515.598109805862,0.3746
2,19,322.823980775229,0.3746
3,0,475.731535088572,0.4648
3,1,395.895524419208,0.4648
3,2,378.303696395715,0.4648
3,3,456.90822955284,0.4648
3,4,361.331799389731,0.4648
3,5,367.121153793902,0.4648
3,6,633.131705730822,0.4648
3,7,374.169259014421,0.4648
3,8,518.252069697081,0.4648
3,9,559.088700352969,0.4648
3,10,606.907979648804,0.4648
3,11,487.929922777389,0.4648
3,12,351.875894626352,0.4648
3,13,306.43513280559,0.4648
3,14,505.25425746477,0.4648
3,15,532.82730515721,0.4648
3,16,425.599627825859,0.4648
3,17,385.460339004394,0.4648
3,18,303.504343563766,0.4648
3,19,421.747267322997,0.4648
4,0,290.913396608732,0.4327
4,1,474.73843946552,0.4327
4,2,451.146965695731,0.4327
4,3,353.888195267368,0.4327
4,4,547.433782498539,0.4327
4,5,375.29589411091,0.4327
4,6,304.662150931279,0.4327
4,7,384.209391116184,0.4327
4,8,301.058427177463,0.4327
4,9,334.220240941262,0.4327
4,10,462.888050582053,0.4327
4,11,377.418783680721,0.4327
4,12,459.233041728236,0.4327
4,13,383.418814464774,0.4327
4,14,365.53628080656,0.4327
4,15,441.422422912422,0.4327
4,16,362.600459522755,0.4327
4,17,412.627998171311,0.4327
4,18,466.989312060196,0.4327
4,19,488.333543962293,0.4327
5,0,331.985557531812,0.3783
5,1,396.761964516894,0.3783
5,2,396.597549079959,0.3783
5,3,397.956397554866,0.3783
5,4,342.312824879268,0.3783
5,5,486.039271382242,0.3783
5,6,412.873991638367,0.3783
5,7,532.781375070765,0.3783
5,8,380.506446843964,0.3783
5,9,265.015184447258,0.3783
5,10,430.092988141251,0.3783
5,11,389.638685534792,0.3783
5,12,409.973698041752,0.3783
5,13,499.299185040777,0.3783
5,14,412.555403924914,0.3783
5,15,263.667782621049,0.3783
5,16,413.4529336953,0.3783
5,17,390.114303543562,0.3783
5,18,289.990760733438,0.3783
5,19,374.749538371366,0.3783
6,0,504.730061396735,0.5117
6,1,574.332633893147,0.5117
6,2,445.790834852282,0.5117
6,3,469.081624663084,0.5117
6,4,405.147370948587,0.5117
6,5,492.609927502035,0.5117
6,6,454.512409298602,0.5117
6,7,382.450344505037,0.5117
6,8,413.282169255568,0.5117
6,9,353.33429544097,0.5117
6,10,445.366619533472,0.5117
6,11,499.609443579915,0.5117
6,12,476.715578191093,0.5117
6,13,366.721942266061,0.5117
6,14,476.051567685157,0.5117
6,15,372.390330702259,0.5117
6,16,368.578950676752,0.5117
6,17,376.816464186387,0.5117
6,18,408.236501531325,0.5117
6,19,433.329763475971,0.5117
7,0,414.158129603221,0.5868
7,1,451.356053935849,0.5868
7,2,468.947018878572,0.5868
7,3,400.488618990661,0.5868
7,4,323.24589743853,0.5868
7,5,538.732123606385,0.5868
7,6,494.447892843934,0.5868
7,7,374.132158422503,0.5868
7,8,448.53671390778,0.5868
7,9,312.528135994125,0.5868
7,10,504.466392239948,0.5868
7,11,447.528461713339,0.5868
7,12,432.391520081378,0.5868
7,13,470.264354844775,0.5868
7,14,421.238961677532,0.5868
7,15,383.50458655758,0.5868
7,16,394.4850666341,0.5868
7,17,421.294960248593,0.5868
7,18,307.080880355584,0.5868
7,19,472.863214856335,0.5868
8,0,534.962929533695,0.3213
8,1,415.68337537914,0.3213
8,2,466.707093558373,0.3213
8,3,539.67164493366,0.3213
8,4,431.813404589001,0.3213
8,5,402.670793725816,0.3213
8,6,411.647474250823,0.3213
8,7,397.992033638829,0.3213
8,8,592.385855132813,0.3213
8,9,686.833890874995,0.3213
8,10,387.620148272523,0.3213
8,11,527.681931290203,0.3213
8,12,404.453175302838,0.3213
8,13,416.725862372124,0.3213
8,14,405.81349540081,0.3213
8,15,444.45364464752,0.3213
8,16,344.717537550728,0.3213
8,17,326.11883835904,0.3213
8,18,421.719563750536,0.3213
8,19,423.501030843288,0.3213
9,0,544.095707186973,0.2998
9,1,283.002214855202,0.2998
9,2,332.508205372576,0.2998
9,3,437.553050109822,0.2998
9,4,393.497929688038,0.2998
9,5,430.269428370706,0.2998
9,6,566.411979548202,0.2998
9,7,459.230342137866,0.2998
9,8,378.052173839794,0.2998
9,9,350.397408562519,0.2998
9,10,429.851612733549,0.2998
9,11,382.732797663863,0.2998
9,12,388.182706627259,0.2998
9,13,487.466360469323,0.2998
9,14,433.752970227222,0.2998
9,15,556.12152448221,0.2998
9,16,383.798170964433,0.2998
9,17,368.182265373543,0.2998
9,18,499.695255233665,0.2998
9,19,388.045101478644,0.2998
10,0,530.920408937331,0.3746
10,1,436.721305072381,0.3746
10,2,331.049853032196,0.3746
10,3,517.709242209608,0.3746
10,4,292.800815800117,0.3746
10,5,464.358336533747,0.3746
10,6,341.546160141159,0.3746
10,7,299.982796190991,0.3746
10,8,492.559276717917,0.3746
10,9,447.336470195374,0.3746
10,10,347.556201167394,0.3746
10,11,403.85326971274,0.3746
10,12,544.901963072263,0.3746
10,13,364.222409082993,0.3746
10,14,416.081537896531,0.3746
10,15,537.98828110009,0.3746
10,16,533.83543229133,0.3746
10,17,418.269649715398,0.3746
10,18,591.350141886529,0.3746
10,19,483.706709971685,0.3746
11,0,302.846708575381,0.4021
11,1,338.697183042838,0.4021
11,2,554.93005811098,0.4021
11,3,607.165997336609,0.4021
11,4,425.346146063723,0.4021
11,5,360.772841486855,0.4021
11,6,415.574571963798,0.4021
11,7,411.37037164118,0.4021
11,8,330.172516148858,0.4021
11,9,442.681207249694,0.4021
11,10,430.834273790293,0.4021
11,11,414.071487804651,0.4021
11,12,459.354837829801,0.4021
11,13,411.233433164694,0.4021
11,14,413.854961059631,0.4021
11,15,415.273326436497,0.4021
11,16,513.426248292726,0.4021
11,17,491.920008923007,0.4021
11,18,313.189177814548,0.4021
11,19,441.719551258984,0.4021
12,0,475.162600865973,0.3793
12,1,538.311178008069,0.3793
12,2,423.889332087686,0.3793
12,3,515.956506864401,0.3793
12,4,346.461533449466,0.3793
12,5,454.579809336421,0.3793
12,6,526.865365667559,0.3793
12,7,393.411793709634,0.3793
12,8,479.485888602891,0.3793
12,9,410.084043610702,0.3793
12,10,561.558806121152,0.3793
12,11,260.657406269569,0.3793
12,12,286.311689587657,0.3793
12,13,408.219359256211,0.3793
12,14,414.234309369022,0.3793
12,15,382.786271376497,0.3793
12,16,372.351573093772,0.3793
12,17,361.265905619944,0.3793
12,18,402.591282558366,0.3793
12,19,348.079948499261,0.3793
13,0,423.453525162551,0.3651
13,1,475.081254161136,0.3651
13,2,396.460286919382,0.3651
13,3,362.644164038545,0.3651
13,4,531.25191871311,0.3651
13,5,494.180961477035,0.3651
13,6,437.352632399455,0.3651
13,7,386.086154152105,0.3651
13,8,434.963489044613,0.3651
13,9,486.968210026442,0.3651
13,10,413.912293336573,0.3651
13,11,396.78222255756,0.3651
13,12,369.808800668546,0.3651
13,13,468.408268169505,0.3651
13,14,411.603069296321,0.3651
13,15,319.750037424952,0.3651
13,16,487.92685151443,0.3651
13,17,298.535009799393,0.3651
13,18,407.491273308496,0.3651
13,19,520.720340296007,0.3651
14,0,355.137782032178,0.301
14,1,537.959134945784,0.301
14,2,464.064164940459,0.301
14,3,330.393268578731,0.301
14,4,465.138702776848,0.301
14,5,384.685702323953,0.301
14,6,484.134906760739,0.301
14,7,394.62446536711,0.301
14,8,382.598948885435,0.301
14,9,469.832323839564,0.301
14,10,512.629691136395,0.301
14,11,367.511304973019,0.301
14,12,441.053149611053,0.301
14,13,358.117865402362,0.301
14,14,396.267156094717,0.301
14,15,379.911174898269,0.301
14,16,352.985340708796,0.301
14,17,481.834419946997,0.301
14,18,401.42066353824,0.301
14,19,454.610884104608,0.301
15,0,380.022081535885,0.3005
15,1,431.883484635627,0.3005
15,2,385.248585167786,0.3005
15,3,425.50782173063,0.3005
15,4,288.344174748606,0.3005
15,5,449.341450061017,0.3005
15,6,345.090562028857,0.3005
15,7,482.460404973185,0.3005
15,8,400.613873511583,0.3005
15,9,427.418215714561,0.3005
15,10,294.036736021358,0.3005
15,11,447.745474668388,0.3005
15,12,457.004132741288,0.3005
15,13,341.804523585106,0.3005
15,14,341.122744165915,0.3005
15,15,391.721653830621,0.3005
15,16,448.785116045212,0.3005
15,17,474.148412704158,0.3005
15,18,394.473872211227,0.3005
15,19,518.529599747734,0.3005
16,0,426.485772019176,0.3546
16,1,491.503178920272,0.3546
16,2,373.284700253704,0.3546
16,3,472.551711813009,0.3546
16,4,329.016271658376,0.3546
16,5,415.887541905828,0.3546
16,6,418.336010219488,0.3546
16,7,444.318684739463,0.3546
16,8,392.285674457312,0.3546
16,9,388.013629521221,0.3546
16,10,351.481475100907,0.3546
16,11,351.735306139918,0.3546
16,12,368.559427689962,0.3546
16,13,341.239980224797,0.3546
16,14,342.981681498197,0.3546
16,15,440.373776923596,0.3546
16,16,316.208627846925,0.3546
16,17,507.378361153413,0.3546
16,18,438.403668431136,0.3546
16,19,544.223092408323,0.3546
17,0,412.541833555359,0.301
17,1,476.440566100015,0.301
17,2,358.099335141014,0.301
17,3,562.00245924491,0.301
17,4,396.176907051339,0.301
17,5,442.081405880818,0.301
17,6,295.002721951057,0.301
17,7,462.768303025861,0.301
17,8,310.796454408141,0.301
17,9,415.714375330447,0.301
17,10,468.120183345253,0.301
17,11,359.622542604083,0.301
17,12,492.087616459938,0.301
17,13,226.57829982065,0.301
17,14,362.852649999727,0.301
17,15,334.907246503141,0.301
17,16,459.337723973702,0.301
17,17,436.289488575683,0.301
17,18,509.219623191769,0.301
17,19,406.259340294753,0.301
18,0,408.517651854426,0.5787
18,1,580.790357378912,0.5787
18,2,550.707049288428,0.5787
18,3,477.747410842866,0.5787
18,4,316.643066148306,0.5787
18,5,497.414812212791,0.5787
18,6,407.004754594419,0.5787
18,7,340.805412990883,0.5787
18,8,336.513917004173,0.5787
18,9,359.932369502216,0.5787
18,10,518.945700798249,0.5787
18,11,537.012831683398,0.5787
18,12,496.686023955189,0.5787
18,13,467.237179088961,0.5787
18,14,462.231040944732,0.5787
18,15,321.59210303121,0.5787
18,16,498.135582400829,0.5787
18,17,442.702661629898,0.5787
18,18,414.623061908419,0.5787
18,19,433.537638684222,0.5787
19,0,533.172106584235,0.5779
19,1,298.567356710132,0.5779
19,2,516.082726944394,0.5779
19,3,348.303492763218,0.5779
19,4,390.571440173758,0.5779
19,5,354.406947785585,0.5779
19,6,377.290010986246,0.5779
19,7,399.583723139891,0.5779
19,8,488.305915701344,0.5779
19,9,343.126186185697,0.5779
19,10,389.59716703271,0.5779
19,11,344.730363888019,0.5779
19,12,458.717524189768,0.5779
19,13,463.029133330918,0.5779
19,14,376.279953753649,0.5779
19,15,489.045424555172,0.5779
19,16,493.205578221607,0.5779
19,17,441.699563367593,0.5779
19,18,398.270976301304,0.5779
19,19,501.191327418934,0.5779
20,0,362.774103659029,0.5874
20,1,441.661999477541,0.5874
20,2,517.659908511924,0.5874
20,3,453.040916150487,0.5874
20,4,464.359970661633,0.5874
20,5,481.549254858424,0.5874
20,6,442.96889094853,0.5874
20,7,272.34244279992,0.5874
20,8,355.036819007305,0.5874
20,9,440.553800229636,0.5874
20,10,370.164699490254,0.5874
20,11,433.398874315534,0.5874
20,12,359.28623208075,0.5874
20,13,506.921967104147,0.5874
20,14,395.947144242203,0.5874
20,15,399.872521597174,0.5874
20,16,447.567841157534,0.5874
20,17,414.553354265818,0.5874
20,18,325.013397655874,0.5874
20,19,517.403402887381,0.5874
21,0,403.695899987906,0.3749
21,1,451.540344895908,0.3749
21,2,552.839095281056,0.3749
21,3,424.945546676228,0.3749
21,4,438.00354337235,0.3749
21,5,487.461348698695,0.3749
21,6,419.434083751058,0.3749
21,7,387.991375566158,0.3749
21,8,413.281251090132,0.3749
21,9,405.471311244108,0.3749
21,10,389.520188761927,0.3749
21,11,399.508043132156,0.3749
21,12,442.260176586156,0.3749
21,13,359.495647868594,0.3749
21,14,305.865731332017,0.3749
21,15,492.64602384852,0.3749
21,16,426.202597664445,0.3749
21,17,452.911351269742,0.3749
21,18,352.827224087539,0.3749
21,19,431.377871993654,0.3749
22,0,511.490980116575,0.3713
22,1,345.758941342408,0.3713
22,2,371.719988839752,0.3713
22,3,567.678102049556,0.3713
22,4,487.927885028382,0.3713
22,5,425.791127908226,0.3713
22,6,394.900110959659,0.3713
22,7,425.102605655979,0.3713
22,8,507.289684430073,0.3713
22,9,278.210804150346,0.3713
22,10,435.351937153938,0.3713
22,11,555.544838676892,0.3713
22,12,442.675619656618,0.3713
22,13,527.936219806855,0.3713
22,14,389.932424607326,0.3713
22,15,388.699459752046,0.3713
22,16,396.792461506468,0.3713
22,17,358.954660704769,0.3713
22,18,441.734569714211,0.3713
22,19,512.569316099785,0.3713
23,0,359.706472693634,0.3013
23,1,442.626383877541,0.3013
23,2,475.089304492335,0.3013
23,3,401.278623423429,0.3013
23,4,590.911826658254,0.3013
23,5,361.928776892552,0.3013
23,6,464.031697905636,0.3013
23,7,401.085387647421,0.3013
23,8,491.363576880041,0.3013
23,9,404.259006914647,0.3013
23,10,436.818826057168,0.3013
23,11,499.266605053852,0.3013
23,12,481.795819084034,0.3013
23,13,399.672820666489,0.3013
23,14,464.212090876143,0.3013
23,15,426.216308856442,0.3013
23,16,402.049910312477,0.3013
23,17,323.772427241681,0.3013
23,18,347.375062732981,0.3013
23,19,398.898629357626,0.3013
24,0,433.094043388724,0.3584
24,1,356.508449419805,0.3584
24,2,361.892709507458,0.3584
24,3,262.068477783595,0.3584
24,4,452.197164890354,0.3584
24,5,423.59609227815,0.3584
24,6,336.360343166515,0.3584
24,7,422.162629389131,0.3584
24,8,469.773754611605,0.3584
24,9,447.21119189409,0.3584
24,10,351.859390215016,0.3584
24,11,406.725028502181,0.3584
24,12,428.75272078648,0.3584
24,13,410.974146823885,0.3584
24,14,376.004040490655,0.3584
24,15,422.219217048693,0.3584
24,16,355.983198202823,0.3584
24,17,506.929917679716,0.3584
24,18,437.646925588523,0.3584
24,19,471.576522089629,0.3584
25,0,348.131441966336,0.3004
25,1,416.435304703955,0.3004
25,2,332.830432284293,0.3004
25,3,430.291721858673,0.3004
25,4,296.652472957754,0.3004
25,5,533.178873911525,0.3004
25,6,465.126232409491,0.3004
25,7,328.843973532668,0.3004
25,8,469.79567446981,0.3004
25,9,282.610428923439,0.3004
25,10,454.212928425982,0.3004
25,11,382.542707493565,0.3004
25,12,456.900431856796,0.3004
25,13,370.525366302952,0.3004
25,14,384.236055387982,0.3004
25,15,309.479886760779,0.3004
25,16,439.838507523484,0.3004
25,17,586.757559121822,0.3004
25,18,504.936105420907,0.3004
25,19,379.782292919075,0.3004
26,0,450.401492051375,0.3008
26,1,419.795744716934,0.3008
26,2,401.403475696408,0.3008
26,3,301.856849338638,0.3008
26,4,305.188356990881,0.3008
26,5,408.797025119458,0.3008
26,6,330.914428095256,0.3008
26,7,321.705302110593,0.3008
26,8,459.820809965718,0.3008
26,9,315.996642824706,0.3008
26,10,359.820744951495,0.3008
26,11,392.166639206618,0.3008
26,12,478.61321188519,0.3008
26,13,388.43120725732,0.3008
26,14,384.486347891717,0.3008
26,15,448.543393053835,0.3008
26,16,333.835109638059,0.3008
26,17,455.390838093139,0.3008
26,18,413.74305378575,0.3008
26,19,259.970624139579,0.3008
27,0,485.010074858984,0.3785
27,1,353.167653477139,0.3785
27,2,536.466114696002,0.3785
27,3,471.735331383652,0.3785
27,4,542.545393448691,0.3785
27,5,418.696306273683,0.3785
27,6,489.487969006305,0.3785
27,7,370.920380219597,0.3785
27,8,440.55787663925,0.3785
27,9,572.162945226832,0.3785
27,10,336.372840164366,0.3785
27,11,631.629389521935,0.3785
27,12,505.972384154744,0.3785
27,13,449.510625407685,0.3785
27,14,301.898653763137,0.3785
27,15,552.206204879972,0.3785
27,16,234.74004584058,0.3785
27,17,349.715030512265,0.3785
27,18,578.654064307976,0.3785
27,19,534.550820420034,0.3785
28,0,495.687656243077,0.3011
28,1,424.853779997026,0.3011
28,2,364.840919525167,0.3011
28,3,378.306477027557,0.3011
28,4,381.723330347638,0.3011
28,5,402.322924017804,0.3011
28,6,286.400940382441,0.3011
28,7,524.365587212495,0.3011
28,8,440.249546870255,0.3011
28,9,318.874412591395,0.3011
28,10,439.725807904634,0.3011
28,11,318.950523199687,0.3011
28,12,485.86921156701,0.3011
28,13,457.44922836104,0.3011
28,14,286.943926223196,0.3011
28,15,427.601277514718,0.3011
28,16,339.497752121855,0.3011
28,17,468.095061677299,0.3011
28,18,419.665315294161,0.3011
28,19,445.524140275743,0.3011
29,0,553.309608998919,0.3011
29,1,442.090427379118,0.3011
29,2,427.94622286599,0.3011
29,3,511.176001863443,0.3011
29,4,367.814805340381,0.3011
29,5,332.591239363206,0.3011
29,6,526.488592207999,0.3011
29,7,398.544392425506,0.3011
29,8,544.351179653958,0.3011
29,9,331.967948396337,0.3011
29,10,491.833881112137,0.3011
29,11,371.191553380797,0.3011
29,12,426.632287078678,0.3011
29,13,514.974180623229,0.3011
29,14,388.586729442835,0.3011
29,15,472.67643168308,0.3011
29,16,383.491253167285,0.3011
29,17,374.724901879181,0.3011
29,18,399.31613218575,0.3011
29,19,326.987747226255,0.3011
0,0,271.76777700372,0.1568
0,1,126.818449879058,0.1568
0,2,163.413421717693,0.1568
0,3,146.36692593939,0.1568
0,4,172.708021452443,0.1568
0,5,154.837236385418,0.1568
0,6,117.719443923398,0.1568
0,7,76.2657617940901,0.1568
0,8,136.479276726416,0.1568
0,9,110.41479726849,0.1568
0,10,98.0416483679223,0.1568
0,11,192.308298139826,0.1568
0,12,163.982733765353,0.1568
0,13,146.696200457496,0.1568
0,14,68.6127234076433,0.1568
0,15,189.014411236764,0.1568
0,16,153.785470813768,0.1568
0,17,84.4402193476193,0.1568
0,18,121.115005470358,0.1568
0,19,102.088564351443,0.1568
0,20,89.8672689884634,0.1568
0,21,174.833363063412,0.1568
0,22,92.8051871886745,0.1568
0,23,170.841902430271,0.1568
0,24,161.468200082018,0.1568
0,25,24.9954780889343,0.1568
0,26,106.009694296417,0.1568
0,27,117.574707293531,0.1568
0,28,110.429407859333,0.1568
0,29,175.028101698243,0.1568
1,0,124.704433548771,0.2341
1,1,151.5110374567,0.2341
1,2,149.170384802227,0.2341
1,3,93.0829040159549,0.2341
1,4,175.252133086239,0.2341
1,5,59.9669265383993,0.2341
1,6,92.9412608120598,0.2341
1,7,136.942267329627,0.2341
1,8,126.213559253641,0.2341
1,9,149.724089664764,0.2341
1,10,165.21997778136,0.2341
1,11,114.26552184054,0.2341
1,12,213.041769784694,0.2341
1,13,93.8961814162384,0.2341
1,14,108.930610706493,0.2341
1,15,118.679578006123,0.2341
1,16,177.067211359171,0.2341
1,17,164.293727621827,0.2341
1,18,80.5255506333385,0.2341
1,19,191.389792599941,0.2341
1,20,156.941405502132,0.2341
1,21,158.923397571947,0.2341
1,22,179.537098615954,0.2341
1,23,149.089226670586,0.2341
1,24,199.987630645047,0.2341
1,25,100.092442364862,0.2341
1,26,178.247122983739,0.2341
1,27,110.967837278999,0.2341
1,28,116.095143343796,0.2341
1,29,170.911250907477,0.2341
2,0,140.183356553755,0.2258
2,1,97.7129534343092,0.2258
2,2,93.1287498847191,0.2258
2,3,133.171561691473,0.2258
2,4,90.0425476440744,0.2258
2,5,102.349600798579,0.2258
2,6,120.816262014666,0.2258
2,7,175.576683638839,0.2258
2,8,110.859828211895,0.2258
2,9,165.689067916031,0.2258
2,10,154.870114199867,0.2258
2,11,142.692026276889,0.2258
2,12,86.4910255347719,0.2258
2,13,161.878654128517,0.2258
2,14,162.498095233669,0.2258
2,15,138.539219304195,0.2258
2,16,122.805471513211,0.2258
2,17,144.589022424163,0.2258
2,18,196.377067720202,0.2258
2,19,53.5838836057901,0.2258
2,20,161.306529072339,0.2258
2,21,159.744226503984,0.2258
2,22,155.343704871087,0.2258
2,23,208.723846623675,0.2258
2,24,53.6982604917686,0.2258
2,25,163.908715021124,0.2258
2,26,201.140074449548,0.2258
2,27,187.473153940483,0.2258
2,28,115.444587251791,0.2258
2,29,180.838135900133,0.2258
3,0,269.199462023458,0.1819
3,1,144.697289932368,0.1819
3,2,192.635143162999,0.1819
3,3,65.5576184818012,0.1819
3,4,100.3763053244,0.1819
3,5,118.27568864287,0.1819
3,6,121.340437425736,0.1819
3,7,65.9383185096081,0.1819
3,8,128.97910015327,0.1819
3,9,159.027367580596,0.1819
3,10,130.984089247494,0.1819
3,11,95.5456373385917,0.1819
3,12,123.235913361995,0.1819
3,13,125.817325753994,0.1819
3,14,86.3038246662302,0.1819
3,15,80.6561625715296,0.1819
3,16,133.45214015015,0.1819
3,17,172.455292600599,0.1819
3,18,102.820508992278,0.1819
3,19,148.964823004271,0.1819
3,20,91.8699974451403,0.1819
3,21,145.476552777871,0.1819
3,22,88.8117468903519,0.1819
3,23,49.9826174217161,0.1819
3,24,83.8596350507088,0.1819
3,25,73.0005932482814,0.1819
3,26,80.1089031120016,0.1819
3,27,139.554360837081,0.1819
3,28,82.846928940424,0.1819
3,29,97.0729658859682,0.1819
4,0,89.8250532074884,0.1619
4,1,144.234456398377,0.1619
4,2,156.055667577238,0.1619
4,3,82.9097337382835,0.1619
4,4,125.763683322136,0.1619
4,5,151.673472015977,0.1619
4,6,87.2542779266319,0.1619
4,7,161.626545780628,0.1619
4,8,117.424417671054,0.1619
4,9,133.624905246145,0.1619
4,10,107.806935603348,0.1619
4,11,120.507840406003,0.1619
4,12,106.454602078861,0.1619
4,13,179.250269965277,0.1619
4,14,194.804752094476,0.1619
4,15,152.196581184534,0.1619
4,16,112.459529446345,0.1619
4,17,149.185314828893,0.1619
4,18,172.585623937358,0.1619
4,19,145.783334038354,0.1619
4,20,157.397405943931,0.1619
4,21,117.655431649051,0.1619
4,22,94.9103445524367,0.1619
4,23,105.85613614205,0.1619
4,24,60.5175538793265,0.1619
4,25,157.096385810865,0.1619
4,26,132.014457297314,0.1619
4,27,112.076053491516,0.1619
4,28,129.299083911361,0.1619
4,29,192.799668022923,0.1619
5,0,176.766748179025,0.0882
5,1,56.9913605698492,0.0882
5,2,122.098504560366,0.0882
5,3,179.104370570825,0.0882
5,4,80.0121705289495,0.0882
5,5,36.0597798045184,0.0882
5,6,164.93237713591,0.0882
5,7,98.3907019999757,0.0882
5,8,124.964401616798,0.0882
5,9,71.0070925233468,0.0882
5,10,221.828342893762,0.0882
5,11,134.25901279604,0.0882
5,12,140.725514318127,0.0882
5,13,142.207139185578,0.0882
5,14,109.498810384364,0.0882
5,15,118.34750383934,0.0882
5,16,95.4356214340358,0.0882
5,17,63.5392272367583,0.0882
5,18,104.590475125581,0.0882
5,19,141.156692108577,0.0882
5,20,60.6975487809799,0.0882
5,21,146.43767550198,0.0882
5,22,140.772594761396,0.0882
5,23,232.518953571951,0.0882
5,24,115.599705533094,0.0882
5,25,100.430326433273,0.0882
5,26,206.262815734225,0.0882
5,27,123.109156797123,0.0882
5,28,154.663212522122,0.0882
5,29,61.751012104052,0.0882
6,0,189.373520694298,0.1413
6,1,115.419345177974,0.1413
6,2,113.107936756755,0.1413
6,3,91.7575292126951,0.1413
6,4,93.1444724937431,0.1413
6,5,266.280256094277,0.1413
6,6,174.192543773679,0.1413
6,7,128.04050938444,0.1413
6,8,128.900217508392,0.1413
6,9,190.175549593106,0.1413
6,10,87.7302405049863,0.1413
6,11,37.3089386887575,0.1413
6,12,107.766424450122,0.1413
6,13,159.816586183758,0.1413
6,14,92.8900419036879,0.1413
6,15,124.348015658161,0.1413
6,16,99.2447297388114,0.1413
6,17,96.1703685862814,0.1413
6,18,143.700827975972,0.1413
6,19,241.67829062042,0.1413
6,20,230.805109488338,0.1413
6,21,152.451962910502,0.1413
6,22,83.3936903069246,0.1413
6,23,130.324582085085,0.1413
6,24,146.371360219177,0.1413
6,25,103.707151165677,0.1413
6,26,110.335182029759,0.1413
6,27,152.832939291316,0.1413
6,28,216.389268364544,0.1413
6,29,154.216757556178,0.1413
7,0,147.256544623384,0.141
7,1,149.543769567006,0.141
7,2,179.963927837079,0.141
7,3,179.463432114717,0.141
7,4,164.680333230292,0.141
7,5,62.9800878090197,0.141
7,6,100.514938577489,0.141
7,7,114.472141783257,0.141
7,8,154.648423357792,0.141
7,9,143.743434621244,0.141
7,10,141.722016661248,0.141
7,11,133.097758040095,0.141
7,12,210.369432078277,0.141
7,13,152.501281915725,0.141
7,14,215.078516785973,0.141
7,15,133.235029909193,0.141
7,16,85.6155438317457,0.141
7,17,181.805953706762,0.141
7,18,134.536545373102,0.141
7,19,164.039464815342,0.141
7,20,110.666024394655,0.141
7,21,128.496629359782,0.141
7,22,113.400432467017,0.141
7,23,66.0497829033085,0.141
7,24,126.114355663034,0.141
7,25,98.7717081623915,0.141
7,26,120.652603640083,0.141
7,27,145.482118333025,0.141
7,28,39.0622489302469,0.141
7,29,124.736220230647,0.141
8,0,56.8505812505708,0.1117
8,1,113.697341839783,0.1117
8,2,124.11687606718,0.1117
8,3,79.7626377043805,0.1117
8,4,98.930607933001,0.1117
8,5,96.9317623773232,0.1117
8,6,78.284252108719,0.1117
8,7,96.57947925191,0.1117
8,8,144.06306725502,0.1117
8,9,206.217812997012,0.1117
8,10,123.948867323787,0.1117
8,11,145.863886954052,0.1117
8,12,158.403891296114,0.1117
8,13,102.72221641886,0.1117
8,14,156.32187501587,0.1117
8,15,147.269745560171,0.1117
8,16,89.3839024876646,0.1117
8,17,152.617388929207,0.1117
8,18,134.427347947172,0.1117
8,19,224.254122902116,0.1117
8,20,130.789322775155,0.1117
8,21,139.382115494135,0.1117
8,22,147.836947055867,0.1117
8,23,138.74844076525,0.1117
8,24,109.316933458028,0.1117
8,25,91.2471499847637,0.1117
8,26,101.908303524738,0.1117
8,27,176.203292078852,0.1117
8,28,90.1525088665028,0.1117
8,29,163.949458203936,0.1117
9,0,117.025643375554,0.2136
9,1,133.339171885651,0.2136
9,2,135.856156448153,0.2136
9,3,51.5168043735969,0.2136
9,4,121.017526418575,0.2136
9,5,159.043069951879,0.2136
9,6,152.711340950463,0.2136
9,7,193.978519042082,0.2136
9,8,112.627659463205,0.2136
9,9,96.8699508882321,0.2136
9,10,184.057535928698,0.2136
9,11,87.6892058065265,0.2136
9,12,145.492850142268,0.2136
9,13,101.349249354343,0.2136
9,14,109.926416547947,0.2136
9,15,148.094098326262,0.2136
9,16,108.335190625297,0.2136
9,17,74.7147376586284,0.2136
9,18,92.7888136392134,0.2136
9,19,157.67935742218,0.2136
9,20,123.763984602799,0.2136
9,21,94.0572902389642,0.2136
9,22,110.95222658021,0.2136
9,23,76.4261630634555,0.2136
9,24,114.661729890219,0.2136
9,25,137.389034394228,0.2136
9,26,124.467623133446,0.2136
9,27,170.540678671102,0.2136
9,28,100.544249519595,0.2136
9,29,149.605614790583,0.2136
10,0,110.796620265037,0.141
10,1,156.571389922557,0.141
10,2,199.910374391859,0.141
10,3,137.909878111322,0.141
10,4,127.019461577057,0.141
10,5,109.247291441975,0.141
10,6,111.003630071178,0.141
10,7,73.3394215708443,0.141
10,8,84.408924390062,0.141
10,9,205.866204327628,0.141
10,10,122.577068401871,0.141
10,11,96.3333520090656,0.141
10,12,136.771325059781,0.141
10,13,144.223653541166,0.141
10,14,141.489151341028,0.141
10,15,136.292191935059,0.141
10,16,92.0234625682833,0.141
10,17,218.602629138063,0.141
10,18,83.345538962913,0.141
10,19,120.992036063828,0.141
10,20,184.528688586464,0.141
10,21,102.633634286265,0.141
10,22,73.6575926787765,0.141
10,23,116.552172887913,0.141
10,24,78.1719128984964,0.141
10,25,92.3282984910413,0.141
10,26,114.816360701441,0.141
10,27,83.4703223900574,0.141
10,28,114.032955741668,0.141
10,29,66.0359013498601,0.141
11,0,136.830490399308,0.1766
11,1,126.826337040268,0.1766
11,2,129.089468364597,0.1766
11,3,130.343459598665,0.1766
11,4,134.913840121204,0.1766
11,5,136.784539902532,0.1766
11,6,119.154570768341,0.1766
11,7,213.646141185331,0.1766
11,8,119.472850204562,0.1766
11,9,109.056045012918,0.1766
11,10,89.625229134557,0.1766
11,11,118.468177304776,0.1766
11,12,115.327701407615,0.1766
11,13,103.095007193374,0.1766
11,14,60.7235387845109,0.1766
11,15,122.748861954186,0.1766
11,16,51.1581292049958,0.1766
11,17,145.214560731418,0.1766
11,18,106.669699057543,0.1766
11,19,156.384699840182,0.1766
11,20,121.842879468509,0.1766
11,21,116.61627021777,0.1766
11,22,100.276420192983,0.1766
11,23,112.259162089745,0.1766
11,24,53.6343576369043,0.1766
11,25,178.834582065995,0.1766
11,26,162.729552683786,0.1766
11,27,122.760784139919,0.1766
11,28,242.200048078252,0.1766
11,29,112.282129966854,0.1766
12,0,118.361269127356,0.3217
12,1,99.6994696249693,0.3217
12,2,174.806467808033,0.3217
12,3,54.5833035336763,0.3217
12,4,95.1123980077459,0.3217
12,5,95.1501983534782,0.3217
12,6,118.312795840558,0.3217
12,7,143.179157457022,0.3217
12,8,111.53577237464,0.3217
12,9,200.590892469909,0.3217
12,10,136.735788642325,0.3217
12,11,126.318184683083,0.3217
12,12,110.676026991897,0.3217
12,13,212.344192162547,0.3217
12,14,84.5139148183807,0.3217
12,15,84.1704438231979,0.3217
12,16,196.253535410653,0.3217
12,17,94.5028644354767,0.3217
12,18,75.4003295625214,0.3217
12,19,127.3994008878,0.3217
12,20,135.131183539131,0.3217
12,21,149.79759194369,0.3217
12,22,133.164118277568,0.3217
12,23,156.341531504733,0.3217
12,24,151.048776375039,0.3217
12,25,162.304169308721,0.3217
12,26,97.4478127214252,0.3217
12,27,153.224412576267,0.3217
12,28,199.189616202499,0.3217
12,29,80.663597880639,0.3217
13,0,49.8004959403321,0.1407
13,1,237.87044424795,0.1407
13,2,132.99241945951,0.1407
13,3,66.0640075241073,0.1407
13,4,77.6267917050551,0.1407
13,5,131.846360788152,0.1407
13,6,101.928729727493,0.1407
13,7,97.7701068141214,0.1407
13,8,102.02630038489,0.1407
13,9,143.973301124781,0.1407
13,10,110.462028960382,0.1407
13,11,69.5675848635944,0.1407
13,12,121.495599760769,0.1407
13,13,192.674449936635,0.1407
13,14,146.894698622774,0.1407
13,15,120.519859350106,0.1407
13,16,168.688063274923,0.1407
13,17,104.396260793039,0.1407
13,18,43.8714356951733,0.1407
13,19,132.834474632235,0.1407
13,20,117.272547459131,0.1407
13,21,167.655401374825,0.1407
13,22,166.099313822758,0.1407
13,23,109.651362721829,0.1407
13,24,140.914233228792,0.1407
13,25,106.010169551776,0.1407
13,26,174.393960900648,0.1407
13,27,200.482612642047,0.1407
13,28,180.907167494271,0.1407
13,29,147.331692365733,0.1407
14,0,169.638111860737,0.1408
14,1,144.043964044418,0.1408
14,2,188.984565967272,0.1408
14,3,198.697623265343,0.1408
14,4,143.840764294463,0.1408
14,5,112.574067435049,0.1408
14,6,143.743366629389,0.1408
14,7,101.105749619432,0.1408
14,8,90.2353472077536,0.1408
14,9,61.2911956415644,0.1408
14,10,73.3505906096649,0.1408
14,11,184.586447716513,0.1408
14,12,179.499735872177,0.1408
14,13,71.297446576495,0.1408
14,14,54.2268313171911,0.1408
14,15,77.9712815917766,0.1408
14,16,181.627530724094,0.1408
14,17,114.822560831748,0.1408
14,18,155.692651628944,0.1408
14,19,137.77064332895,0.1408
14,20,175.341199841871,0.1408
14,21,170.735841603001,0.1408
14,22,97.9535708653194,0.1408
14,23,126.368294684603,0.1408
14,24,157.696412876584,0.1408
14,25,136.294279867489,0.1408
14,26,126.640301833056,0.1408
14,27,197.790972423519,0.1408
14,28,144.640498930319,0.1408
14,29,188.74123310833,0.1408
15,0,92.6152902247857,0.196
15,1,131.657986759998,0.196
15,2,83.1733138171269,0.196
15,3,118.015230419206,0.196
15,4,82.3863844500501,0.196
15,5,159.964747617666,0.196
15,6,125.641634228015,0.196
15,7,174.430791635078,0.196
15,8,78.7197758811047,0.196
15,9,134.798158404774,0.196
15,10,162.326392633439,0.196
15,11,124.852861124487,0.196
15,12,116.666143368033,0.196
15,13,124.019920509538,0.196
15,14,172.732778670112,0.196
15,15,195.424295068075,0.196
15,16,73.2569044499633,0.196
15,17,84.8343668615514,0.196
15,18,191.308419048489,0.196
15,19,42.8709757239911,0.196
15,20,109.847017630402,0.196
15,21,99.8408685237712,0.196
15,22,138.598108483149,0.196
15,23,127.787764272451,0.196
15,24,173.966738639908,0.196
15,25,196.792579883764,0.196
15,26,165.239871759329,0.196
15,27,161.564731129068,0.196
15,28,63.0925920528253,0.196
15,29,162.495668312616,0.196
16,0,135.020464952227,0.1764
16,1,205.052366732377,0.1764
16,2,123.616101220611,0.1764
16,3,114.006350180509,0.1764
16,4,164.814222038955,0.1764
16,5,137.975551342856,0.1764
16,6,114.078190516982,0.1764
16,7,176.495990260292,0.1764
16,8,172.236084669557,0.1764
16,9,55.1295875843703,0.1764
16,10,140.149731577558,0.1764
16,11,57.5087602161453,0.1764
16,12,111.679911269973,0.1764
16,13,114.611622324241,0.1764
16,14,118.613293092451,0.1764
16,15,170.973471905898,0.1764
16,16,144.129922207371,0.1764
16,17,101.173172440037,0.1764
16,18,106.28568906913,0.1764
16,19,180.308448317378,0.1764
16,20,187.884030092663,0.1764
16,21,86.1963354661376,0.1764
16,22,140.831554737444,0.1764
16,23,131.197937601082,0.1764
16,24,147.968767678887,0.1764
16,25,56.5417317889148,0.1764
16,26,71.3113402907109,0.1764
16,27,177.153860221064,0.1764
16,28,140.457603285143,0.1764
16,29,122.751772463869,0.1764
17,0,69.6996532904939,0.2356
17,1,87.8341277202907,0.2356
17,2,137.905138915964,0.2356
17,3,70.9832076951493,0.2356
17,4,216.336906993074,0.2356
17,5,82.4289647937075,0.2356
17,6,62.2039917060821,0.2356
17,7,114.243902138895,0.2356
17,8,90.5090685292644,0.2356
17,9,76.2745175413557,0.2356
17,10,66.0559673387789,0.2356
17,11,45.0497621976028,0.2356
17,12,103.95206287436,0.2356
17,13,166.355823569918,0.2356
17,14,125.005709103565,0.2356
17,15,75.5480284894274,0.2356
17,16,94.1012834189475,0.2356
17,17,88.466281623385,0.2356
17,18,184.674980228403,0.2356
17,19,150.98402696426,0.2356
17,20,63.8983486440976,0.2356
17,21,107.641092322948,0.2356
17,22,105.929291706885,0.2356
17,23,164.047109616538,0.2356
17,24,55.8219127105981,0.2356
17,25,87.2496273969051,0.2356
17,26,93.3893565310634,0.2356
17,27,69.6956543565092,0.2356
17,28,149.728907202672,0.2356
17,29,150.250173070816,0.2356
18,0,124.925122917071,0.3217
18,1,109.197357389287,0.3217
18,2,74.8507656750494,0.3217
18,3,140.508684143317,0.3217
18,4,216.249479745714,0.3217
18,5,189.384962773627,0.3217
18,6,206.952730893317,0.3217
18,7,153.50673350582,0.3217
18,8,175.838348789803,0.3217
18,9,113.233012250707,0.3217
18,10,160.827061617777,0.3217
18,11,194.152032634053,0.3217
18,12,104.857470243241,0.3217
18,13,114.677058405855,0.3217
18,14,134.858673698629,0.3217
18,15,104.563868429737,0.3217
18,16,134.365861019878,0.3217
18,17,128.451748529988,0.3217
18,18,158.80460955456,0.3217
18,19,161.503071494801,0.3217
18,20,128.719724616638,0.3217
18,21,104.358543476049,0.3217
18,22,131.382336071447,0.3217
18,23,130.802407409835,0.3217
18,24,194.192122500852,0.3217
18,25,85.6610619459202,0.3217
18,26,146.340219212768,0.3217
18,27,151.307868992024,0.3217
18,28,110.736668239396,0.3217
18,29,170.266422383143,0.3217
19,0,144.126929803125,0.2353
19,1,95.6305555666214,0.2353
19,2,206.169820095174,0.2353
19,3,109.209687608765,0.2353
19,4,61.4725319686031,0.2353
19,5,77.5118244569876,0.2353
19,6,128.059106200826,0.2353
19,7,193.748094615887,0.2353
19,8,124.576143207881,0.2353
19,9,86.3300029886048,0.2353
19,10,42.709223688798,0.2353
19,11,97.7084937494416,0.2353
19,12,117.589934985588,0.2353
19,13,114.7756070337,0.2353
19,14,133.109600606813,0.2353
19,15,142.834012319981,0.2353
19,16,149.097522085375,0.2353
19,17,83.8496746218613,0.2353
19,18,64.6025365002027,0.2353
19,19,162.653582615719,0.2353
19,20,183.445845294866,0.2353
19,21,103.879048208267,0.2353
19,22,113.415536244367,0.2353
19,23,162.105068996344,0.2353
19,24,105.701297959009,0.2353
19,25,120.728209888422,0.2353
19,26,96.9254813578098,0.2353
19,27,198.764685812741,0.2353
19,28,78.4768957593323,0.2353
19,29,71.857631629292,0.2353
20,0,146.89350662393,0.1411
20,1,152.30610623414,0.1411
20,2,87.8242717594945,0.1411
20,3,205.281980213963,0.1411
20,4,190.768630867745,0.1411
20,5,134.774196816529,0.1411
20,6,158.584298838059,0.1411
20,7,60.6802537425979,0.1411
20,8,126.516602969956,0.1411
20,9,149.886382478554,0.1411
20,10,124.823490623106,0.1411
20,11,128.890484214841,0.1411
20,12,149.909609133089,0.1411
20,13,70.6811794603767,0.1411
20,14,197.381300869547,0.1411
20,15,132.308034052855,0.1411
20,16,210.367779221321,0.1411
20,17,136.334770939713,0.1411
20,18,89.1008519955868,0.1411
20,19,109.81078199087,0.1411
20,20,129.111260717155,0.1411
20,21,77.6994982696131,0.1411
20,22,120.538226441168,0.1411
20,23,182.736478328927,0.1411
20,24,180.278621092132,0.1411
20,25,219.889107161341,0.1411
20,26,80.4682870579737,0.1411
20,27,148.097345643576,0.1411
20,28,160.503422315093,0.1411
20,29,173.495698172557,0.1411
21,0,90.7818086866461,0.1409
21,1,190.985224087535,0.1409
21,2,174.853094194095,0.1409
21,3,76.3363416256066,0.1409
21,4,131.93219559062,0.1409
21,5,144.392532069,0.1409
21,6,41.6497808874052,0.1409
21,7,107.901885021483,0.1409
21,8,95.7873376396263,0.1409
21,9,173.477759082104,0.1409
21,10,87.3721237699084,0.1409
21,11,136.122440586147,0.1409
21,12,41.1835615284403,0.1409
21,13,158.992764532143,0.1409
21,14,199.03922199996,0.1409
21,15,167.903957358466,0.1409
21,16,133.635924774306,0.1409
21,17,134.887047684114,0.1409
21,18,130.670194443607,0.1409
21,19,141.130825202412,0.1409
21,20,86.6464454405673,0.1409
21,21,119.221502239531,0.1409
21,22,209.108673099411,0.1409
21,23,108.219623453752,0.1409
21,24,146.761302356366,0.1409
21,25,97.40102996208,0.1409
21,26,117.12798559385,0.1409
21,27,152.427493382348,0.1409
21,28,185.124984700631,0.1409
21,29,97.8615547197895,0.1409
22,0,103.994593722192,0.2169
22,1,91.441129070139,0.2169
22,2,118.848008694402,0.2169
22,3,126.139331066891,0.2169
22,4,86.2294878768863,0.2169
22,5,57.0867414520297,0.2169
22,6,121.249979574813,0.2169
22,7,63.0085496302069,0.2169
22,8,202.472632586333,0.2169
22,9,136.633453534064,0.2169
22,10,86.4010084489613,0.2169
22,11,162.895061490442,0.2169
22,12,111.520364195826,0.2169
22,13,183.935980161575,0.2169
22,14,188.209000010024,0.2169
22,15,157.618222286839,0.2169
22,16,81.9276681281808,0.2169
22,17,159.872891733498,0.2169
22,18,230.752307290492,0.2169
22,19,125.240996660795,0.2169
22,20,70.1813138166102,0.2169
22,21,111.272803225839,0.2169
22,22,100.754313057991,0.2169
22,23,119.239055803614,0.2169
22,24,127.544421694652,0.2169
22,25,83.4718572407032,0.2169
22,26,140.923271432655,0.2169
22,27,129.052731269655,0.2169
22,28,120.497721282757,0.2169
22,29,149.615334485146,0.2169
23,0,108.273503123235,0.1408
23,1,63.3652263417989,0.1408
23,2,177.777618121488,0.1408
23,3,130.851783838392,0.1408
23,4,101.399275007197,0.1408
23,5,99.8706153014315,0.1408
23,6,166.299414449405,0.1408
23,7,103.53220481936,0.1408
23,8,202.340078225142,0.1408
23,9,170.314018494616,0.1408
23,10,140.878941529933,0.1408
23,11,113.175076207954,0.1408
23,12,74.0484866744795,0.1408
23,13,42.422916348919,0.1408
23,14,121.872939311702,0.1408
23,15,153.840268687402,0.1408
23,16,186.588526533415,0.1408
23,17,113.340084514226,0.1408
23,18,100.772652071982,0.1408
23,19,144.86959616025,0.1408
23,20,53.2729665374293,0.1408
23,21,198.344019268481,0.1408
23,22,102.922412326461,0.1408
23,23,167.518214310246,0.1408
23,24,183.888574818929,0.1408
23,25,146.030623146236,0.1408
23,26,153.924207193179,0.1408
23,27,182.273555974289,0.1408
23,28,122.623274698987,0.1408
23,29,149.063193846607,0.1408
24,0,143.999693176029,0.2473
24,1,98.3992629224704,0.2473
24,2,77.9185106341081,0.2473
24,3,167.024794131217,0.2473
24,4,151.956479391641,0.2473
24,5,134.717299245166,0.2473
24,6,106.457376791841,0.2473
24,7,93.7631908825486,0.2473
24,8,124.881275131047,0.2473
24,9,169.23770259626,0.2473
24,10,137.789108589666,0.2473
24,11,147.900908121732,0.2473
24,12,138.618953290773,0.2473
24,13,129.332032085736,0.2473
24,14,156.611882895799,0.2473
24,15,180.651972297154,0.2473
24,16,129.046576266067,0.2473
24,17,149.504569426305,0.2473
24,18,186.370418815207,0.2473
24,19,151.687209129924,0.2473
24,20,133.783154713606,0.2473
24,21,143.884078847681,0.2473
24,22,74.9368296396558,0.2473
24,23,61.8599103085538,0.2473
24,24,148.85210593977,0.2473
24,25,183.504156419083,0.2473
24,26,178.437391691003,0.2473
24,27,179.009747499248,0.2473
24,28,106.221593555464,0.2473
24,29,99.5852287663243,0.2473
25,0,108.559321194848,0.1411
25,1,228.236502780382,0.1411
25,2,139.874765935493,0.1411
25,3,113.347840270353,0.1411
25,4,106.480651221683,0.1411
25,5,158.515542925764,0.1411
25,6,170.00662302166,0.1411
25,7,163.302128321152,0.1411
25,8,159.082949644033,0.1411
25,9,61.4335775083334,0.1411
25,10,207.390015927629,0.1411
25,11,121.027251727083,0.1411
25,12,56.1312488628399,0.1411
25,13,54.3397096775863,0.1411
25,14,154.63879993664,0.1411
25,15,159.912749026541,0.1411
25,16,123.959037773671,0.1411
25,17,93.8917930333513,0.1411
25,18,60.5634342318789,0.1411
25,19,170.454019297661,0.1411
25,20,95.5108352098039,0.1411
25,21,126.061808667339,0.1411
25,22,97.4556752473908,0.1411
25,23,136.53121931348,0.1411
25,24,77.0228809539432,0.1411
25,25,201.118263406287,0.1411
25,26,125.623729915547,0.1411
25,27,140.612323828696,0.1411
25,28,184.786537487413,0.1411
25,29,118.123134089093,0.1411
26,0,132.602084622585,0.1564
26,1,128.23217744847,0.1564
26,2,232.759890225765,0.1564
26,3,144.30789693991,0.1564
26,4,156.574373233733,0.1564
26,5,86.0209149006178,0.1564
26,6,108.556851759584,0.1564
26,7,139.213091433337,0.1564
26,8,168.928228624936,0.1564
26,9,191.792201760129,0.1564
26,10,138.808363518364,0.1564
26,11,104.033262090802,0.1564
26,12,114.415517788864,0.1564
26,13,113.036934545458,0.1564
26,14,74.4065551235732,0.1564
26,15,83.4125237305771,0.1564
26,16,103.887058740773,0.1564
26,17,189.326315062162,0.1564
26,18,93.8756998158553,0.1564
26,19,94.8765083038802,0.1564
26,20,82.1004367255665,0.1564
26,21,88.9074189462279,0.1564
26,22,179.502916503717,0.1564
26,23,176.034733892953,0.1564
26,24,58.94547661941,0.1564
26,25,237.670912889851,0.1564
26,26,151.835095482435,0.1564
26,27,144.462952039916,0.1564
26,28,152.195246327456,0.1564
26,29,122.461360439044,0.1564
27,0,121.657316878208,0.1417
27,1,143.612846996654,0.1417
27,2,100.444068409371,0.1417
27,3,66.5095004864026,0.1417
27,4,113.676532153283,0.1417
27,5,150.734886510652,0.1417
27,6,131.104543902798,0.1417
27,7,120.116067947304,0.1417
27,8,115.508966301303,0.1417
27,9,115.561474065552,0.1417
27,10,145.512313113648,0.1417
27,11,81.5025235223207,0.1417
27,12,110.929963163555,0.1417
27,13,103.319757380974,0.1417
27,14,183.943172521915,0.1417
27,15,168.434314081701,0.1417
27,16,113.672606694761,0.1417
27,17,184.382330989156,0.1417
27,18,120.561987989336,0.1417
27,19,174.025672549625,0.1417
27,20,81.1599116805091,0.1417
27,21,177.9289661262,0.1417
27,22,84.3337804452703,0.1417
27,23,116.508480657052,0.1417
27,24,160.935239832288,0.1417
27,25,137.398220155033,0.1417
27,26,222.232531455512,0.1417
27,27,160.797579272331,0.1417
27,28,124.392590482864,0.1417
27,29,151.120733915004,0.1417
28,0,158.255747712315,0.1403
28,1,157.426195209344,0.1403
28,2,172.617178505871,0.1403
28,3,52.0938073539364,0.1403
28,4,90.9572651517043,0.1403
28,5,114.575337177761,0.1403
28,6,115.0614850741,0.1403
28,7,136.296444990066,0.1403
28,8,153.366822507338,0.1403
28,9,45.2712066347024,0.1403
28,10,87.7429118487438,0.1403
28,11,72.016555066547,0.1403
28,12,140.030502314872,0.1403
28,13,134.654510122415,0.1403
28,14,160.503184347804,0.1403
28,15,49.9985471214593,0.1403
28,16,155.352395136788,0.1403
28,17,108.928746080842,0.1403
28,18,154.109286521183,0.1403
28,19,142.659818008241,0.1403
28,20,121.474521655352,0.1403
28,21,182.101643699125,0.1403
28,22,134.893055351423,0.1403
28,23,77.906928149409,0.1403
28,24,140.530444767945,0.1403
28,25,117.896326510965,0.1403
28,26,129.393221808303,0.1403
28,27,64.8400797940159,0.1403
28,28,169.986533473566,0.1403
28,29,141.775444129258,0.1403
29,0,143.98156243188,0.1408
29,1,106.259460038185,0.1408
29,2,124.689555752276,0.1408
29,3,166.701933077448,0.1408
29,4,88.6144724547689,0.1408
29,5,144.828390854802,0.1408
29,6,74.7623540031374,0.1408
29,7,89.4782317583878,0.1408
29,8,120.583896982592,0.1408
29,9,164.242053840824,0.1408
29,10,112.024485595138,0.1408
29,11,140.64711153726,0.1408
29,12,167.046946112837,0.1408
29,13,107.406950247382,0.1408
29,14,155.641958036916,0.1408
29,15,112.076585402367,0.1408
29,16,176.4808592232,0.1408
29,17,40.6161115078542,0.1408
29,18,153.464157394941,0.1408
29,19,180.844481251457,0.1408
29,20,119.614372258896,0.1408
29,21,93.8377851123101,0.1408
29,22,104.712824416695,0.1408
29,23,153.883407793262,0.1408
29,24,161.515632613293,0.1408
29,25,205.804800561055,0.1408
29,26,62.550402947041,0.1408
29,27,77.2598106170179,0.1408
29,28,101.975572345919,0.1408
29,29,85.3749253426792,0.1408
0,0,99.2382648845684,0.1409
0,1,120.75334755055,0.1409
0,2,123.712341817304,0.1409
0,3,148.392385307049,0.1409
0,4,132.250412895263,0.1409
0,5,195.515117443512,0.1409
0,6,160.594194527824,0.1409
0,7,235.185790079959,0.1409
0,8,95.7583153465739,0.1409
0,9,109.727574163326,0.1409
0,10,278.764288536016,0.1409
0,11,109.030385848331,0.1409
0,12,177.324190804934,0.1409
0,13,282.112891578372,0.1409
0,14,207.184017295678,0.1409
0,15,120.224460543791,0.1409
0,16,132.435270307317,0.1409
0,17,129.940874308096,0.1409
0,18,207.112136107401,0.1409
0,19,119.339207539434,0.1409
0,20,121.895906938041,0.1409
0,21,69.7848910605737,0.1409
0,22,154.633730776542,0.1409
0,23,84.454582316674,0.1409
0,24,128.679975994139,0.1409
0,25,57.2094980487454,0.1409
0,26,108.988896302016,0.1409
0,27,162.38501080148,0.1409
0,28,74.3393483123836,0.1409
0,29,104.681814749861,0.1409
1,0,92.5804089972715,0.1416
1,1,79.8336675741452,0.1416
1,2,132.346542607453,0.1416
1,3,186.488473178695,0.1416
1,4,230.760190575675,0.1416
1,5,87.7959327814777,0.1416
1,6,124.04064477273,0.1416
1,7,144.991824203753,0.1416
1,8,167.187547989118,0.1416
1,9,50.7110105680969,0.1416
1,10,175.346378394917,0.1416
1,11,157.148720808623,0.1416
1,12,211.815331184841,0.1416
1,13,73.4396307650001,0.1416
1,14,78.6542244480089,0.1416
1,15,119.107974468601,0.1416
1,16,78.4496030782181,0.1416
1,17,121.995301231995,0.1416
1,18,187.890637943692,0.1416
1,19,119.855581432198,0.1416
1,20,145.023614005877,0.1416
1,21,117.240195229932,0.1416
1,22,94.1389822748343,0.1416
1,23,140.857634961465,0.1416
1,24,147.531975156913,0.1416
1,25,112.636454040979,0.1416
1,26,55.1254317388119,0.1416
1,27,164.703114695044,0.1416
1,28,203.628877649556,0.1416
1,29,153.387711827405,0.1416
2,0,46.8793169217649,0.1421
2,1,68.2348949025903,0.1421
2,2,105.066442397033,0.1421
2,3,223.008509113735,0.1421
2,4,87.9217405209476,0.1421
2,5,178.671441253829,0.1421
2,6,89.4703611192018,0.1421
2,7,128.267721980172,0.1421
2,8,141.183293217487,0.1421
2,9,132.969594621778,0.1421
2,10,103.667289127185,0.1421
2,11,139.545320971481,0.1421
2,12,140.120769424444,0.1421
2,13,166.807364475271,0.1421
2,14,132.411901815446,0.1421
2,15,139.720235679206,0.1421
2,16,96.6787393203404,0.1421
2,17,73.661258131163,0.1421
2,18,182.213455376017,0.1421
2,19,98.7942544781259,0.1421
2,20,141.111751332251,0.1421
2,21,90.5863237934422,0.1421
2,22,86.2945321075736,0.1421
2,23,88.2898088708543,0.1421
2,24,114.760009383954,0.1421
2,25,189.185857990758,0.1421
2,26,92.0634743630978,0.1421
2,27,42.7991656664753,0.1421
2,28,104.895242562998,0.1421
2,29,111.961502683423,0.1421
3,0,171.217228066776,0.1411
3,1,165.097036111967,0.1411
3,2,126.147712742266,0.1411
3,3,111.233630918714,0.1411
3,4,164.161043370782,0.1411
3,5,178.798737036535,0.1411
3,6,159.435288123376,0.1411
3,7,122.177224954523,0.1411
3,8,125.723548725032,0.1411
3,9,162.218060307982,0.1411
3,10,153.80846438033,0.1411
3,11,98.5617628562569,0.1411
3,12,97.7820359563379,0.1411
3,13,138.031722367663,0.1411
3,14,186.16182218034,0.1411
3,15,258.064283070022,0.1411
3,16,149.461256320625,0.1411
3,17,78.7758689801932,0.1411
3,18,152.696680293037,0.1411
3,19,81.4494529794975,0.1411
3,20,123.209734564904,0.1411
3,21,81.909650633351,0.1411
3,22,98.0729538266107,0.1411
3,23,127.359441525468,0.1411
3,24,103.919535875548,0.1411
3,25,201.251358091134,0.1411
3,26,120.141692023859,0.1411
3,27,111.050072141633,0.1411
3,28,74.6892350783593,0.1411
3,29,219.060528044889,0.1411
4,0,166.522494343759,0.1409
4,1,68.2955581088651,0.1409
4,2,51.2376992013287,0.1409
4,3,107.643977904921,0.1409
4,4,111.366951872354,0.1409
4,5,120.633374815136,0.1409
4,6,179.245394271411,0.1409
4,7,156.04591076037,0.1409
4,8,150.139117514184,0.1409
4,9,161.73815070193,0.1409
4,10,146.90334616051,0.1409
4,11,114.129916302416,0.1409
4,12,209.232628519906,0.1409
4,13,152.175720250151,0.1409
4,14,174.873448113918,0.1409
4,15,169.058945408551,0.1409
4,16,102.788236246767,0.1409
4,17,142.995121691755,0.1409
4,18,114.036651242882,0.1409
4,19,170.742064961568,0.1409
4,20,78.3672807246277,0.1409
4,21,124.043450652329,0.1409
4,22,128.777548536173,0.1409
4,23,126.77359622969,0.1409
4,24,163.944233712694,0.1409
4,25,181.562812567742,0.1409
4,26,163.63905455887,0.1409
4,27,138.328959443328,0.1409
4,28,101.172216009264,0.1409
4,29,136.571907416177,0.1409
5,0,77.358070787672,0.155
5,1,86.9778804309272,0.155
5,2,114.994942087396,0.155
5,3,106.496031787888,0.155
5,4,145.548212205444,0.155
5,5,194.814621373216,0.155
5,6,180.830712593981,0.155
5,7,206.723955568014,0.155
5,8,98.1779672634557,0.155
5,9,188.058540092213,0.155
5,10,88.8390993105043,0.155
5,11,115.327158998056,0.155
5,12,114.05571552598,0.155
5,13,136.34009940084,0.155
5,14,120.597426658176,0.155
5,15,85.7878531093827,0.155
5,16,193.85571131854,0.155
5,17,109.900486477813,0.155
5,18,113.280758272956,0.155
5,19,102.513529760802,0.155
5,20,243.924554383616,0.155
5,21,96.9075555224813,0.155
5,22,88.6810074233374,0.155
5,23,36.2170256268557,0.155
5,24,207.66398462027,0.155
5,25,90.3275949083666,0.155
5,26,144.278864806078,0.155
5,27,77.7857325569174,0.155
5,28,132.719648063299,0.155
5,29,122.031762538464,0.155
6,0,81.5045637371276,0.1114
6,1,125.271188664927,0.1114
6,2,78.721762447078,0.1114
6,3,187.212877908673,0.1114
6,4,178.810238616148,0.1114
6,5,133.5613390676,0.1114
6,6,96.1403153357236,0.1114
6,7,175.825090966285,0.1114
6,8,150.734063487749,0.1114
6,9,107.242879139632,0.1114
6,10,112.997540305194,0.1114
6,11,70.9301320392145,0.1114
6,12,161.685820260214,0.1114
6,13,95.441327580003,0.1114
6,14,178.318341361261,0.1114
6,15,100.05744138588,0.1114
6,16,142.190199238859,0.1114
6,17,63.7459055846591,0.1114
6,18,129.540853603355,0.1114
6,19,107.10586296727,0.1114
6,20,104.801102291316,0.1114
6,21,241.787205887352,0.1114
6,22,105.228836009131,0.1114
6,23,76.7744097741056,0.1114
6,24,126.921621535742,0.1114
6,25,108.85969050065,0.1114
6,26,132.692081278825,0.1114
6,27,103.346464547232,0.1114
6,28,129.840424972593,0.1114
6,29,107.32812831983,0.1114
7,0,186.799933668842,0.1413
7,1,117.300910184992,0.1413
7,2,171.040731355265,0.1413
7,3,93.5387873708574,0.1413
7,4,98.1622759548508,0.1413
7,5,247.482315111296,0.1413
7,6,95.2147745701688,0.1413
7,7,135.068586868279,0.1413
7,8,90.3180762366668,0.1413
7,9,111.889507532384,0.1413
7,10,198.156703401911,0.1413
7,11,160.312763782273,0.1413
7,12,173.626152491384,0.1413
7,13,143.099182035249,0.1413
7,14,157.274444878276,0.1413
7,15,84.5127367655751,0.1413
7,16,77.10033055115,0.1413
7,17,113.343151662404,0.1413
7,18,124.801134391678,0.1413
7,19,96.929716219382,0.1413
7,20,117.020077425202,0.1413
7,21,109.909969592103,0.1413
7,22,90.510786726446,0.1413
7,23,76.9031393348291,0.1413
7,24,125.686291571157,0.1413
7,25,103.267109721808,0.1413
7,26,66.9589686193609,0.1413
7,27,76.2884431443603,0.1413
7,28,109.261032635075,0.1413
7,29,151.148811878644,0.1413
8,0,101.200316283525,0.1409
8,1,122.237627689567,0.1409
8,2,154.774764717403,0.1409
8,3,168.258754272599,0.1409
8,4,128.914304833049,0.1409
8,5,133.666943054621,0.1409
8,6,121.537609885602,0.1409
8,7,136.564793840651,0.1409
8,8,156.60865800823,0.1409
8,9,156.148902176297,0.1409
8,10,117.126815669157,0.1409
8,11,91.3933391411389,0.1409
8,12,116.777870661343,0.1409
8,13,66.4381826440772,0.1409
8,14,104.523037297492,0.1409
8,15,76.1134290926793,0.1409
8,16,114.224135608441,0.1409
8,17,71.123635325305,0.1409
8,18,128.941545876565,0.1409
8,19,101.820966674989,0.1409
8,20,72.083341037264,0.1409
8,21,149.941311758821,0.1409
8,22,93.6342635211653,0.1409
8,23,86.0595431611337,0.1409
8,24,74.5745423379845,0.1409
8,25,92.5256505456885,0.1409
8,26,151.115703207389,0.1409
8,27,191.115766271992,0.1409
8,28,97.817370314294,0.1409
8,29,129.869581029703,0.1409
9,0,162.977997891861,0.1412
9,1,149.768726233232,0.1412
9,2,106.872385911554,0.1412
9,3,131.895071326698,0.1412
9,4,221.309812432678,0.1412
9,5,184.399512559091,0.1412
9,6,106.255694247178,0.1412
9,7,133.496417312161,0.1412
9,8,164.862800737983,0.1412
9,9,151.00188444465,0.1412
9,10,71.9295507698804,0.1412
9,11,64.5925956580337,0.1412
9,12,127.988066228724,0.1412
9,13,160.750232038465,0.1412
9,14,120.176079106592,0.1412
9,15,163.385559948597,0.1412
9,16,277.017412272039,0.1412
9,17,212.049058603899,0.1412
9,18,165.293531615611,0.1412
9,19,114.294862931267,0.1412
9,20,84.4030964948903,0.1412
9,21,159.016298466234,0.1412
9,22,97.3181977276981,0.1412
9,23,159.187074140589,0.1412
9,24,161.914944581407,0.1412
9,25,137.027777052072,0.1412
9,26,158.541804743943,0.1412
9,27,109.514100499542,0.1412
9,28,118.824562409998,0.1412
9,29,117.450675227009,0.1412
10,0,77.810351078924,0.1413
10,1,114.22616202147,0.1413
10,2,105.065211128556,0.1413
10,3,167.582238240524,0.1413
10,4,91.0344816479472,0.1413
10,5,107.619073733685,0.1413
10,6,95.0758869595525,0.1413
10,7,158.506799665811,0.1413
10,8,158.217100374624,0.1413
10,9,59.1726150991425,0.1413
10,10,98.9896562876012,0.1413
10,11,196.794679321342,0.1413
10,12,122.207552895699,0.1413
10,13,118.524812182317,0.1413
10,14,190.381919916168,0.1413
10,15,180.475589577728,0.1413
10,16,118.634066497568,0.1413
10,17,136.736331880087,0.1413
10,18,105.005813038475,0.1413
10,19,101.047623475051,0.1413
10,20,97.3116837123365,0.1413
10,21,65.917143198917,0.1413
10,22,76.9061037886235,0.1413
10,23,177.755514359735,0.1413
10,24,115.533779696191,0.1413
10,25,123.325097360367,0.1413
10,26,148.871999838036,0.1413
10,27,46.7711505285101,0.1413
10,28,111.736513580994,0.1413
10,29,118.619312140293,0.1413
11,0,209.154004041909,0.1409
11,1,136.254813041729,0.1409
11,2,155.529649980762,0.1409
11,3,160.251539758034,0.1409
11,4,128.964726385128,0.1409
11,5,264.15644964699,0.1409
11,6,90.248532318363,0.1409
11,7,115.995844143073,0.1409
11,8,77.8573017327987,0.1409
11,9,86.8294648545163,0.1409
11,10,105.913426264065,0.1409
11,11,103.80269243512,0.1409
11,12,145.899108260737,0.1409
11,13,81.3675458785238,0.1409
11,14,73.7881206770517,0.1409
11,15,134.156639365972,0.1409
11,16,176.951655352902,0.1409
11,17,128.047804433829,0.1409
11,18,117.614983433333,0.1409
11,19,141.908826394528,0.1409
11,20,111.072405037768,0.1409
11,21,107.219547675489,0.1409
11,22,115.343229282899,0.1409
11,23,131.641521891097,0.1409
11,24,120.542507926554,0.1409
11,25,121.367050052598,0.1409
11,26,173.217683815683,0.1409
11,27,165.107940798046,0.1409
11,28,156.859801387261,0.1409
11,29,110.37948664981,0.1409
12,0,95.9158076839688,0.1415
12,1,105.903461104343,0.1415
12,2,111.508145981706,0.1415
12,3,174.814442286875,0.1415
12,4,183.958320035299,0.1415
12,5,82.7403103921413,0.1415
12,6,152.094601377704,0.1415
12,7,215.065605778601,0.1415
12,8,132.097840966304,0.1415
12,9,109.912560094016,0.1415
12,10,107.929228723521,0.1415
12,11,65.147666599944,0.1415
12,12,124.641128490977,0.1415
12,13,134.998318349764,0.1415
12,14,54.4375705393169,0.1415
12,15,170.290584874044,0.1415
12,16,175.257474898429,0.1415
12,17,178.523480519527,0.1415
12,18,126.436507557263,0.1415
12,19,77.8604697573418,0.1415
12,20,95.3041062799987,0.1415
12,21,106.954921598648,0.1415
12,22,105.687766886488,0.1415
12,23,56.8979630480183,0.1415
12,24,157.010426924395,0.1415
12,25,116.006403396282,0.1415
12,26,79.921330660832,0.1415
12,27,123.882351913411,0.1415
12,28,99.8884393598663,0.1415
12,29,179.1199850573,0.1415
13,0,67.1208581603108,0.1405
13,1,106.234646283554,0.1405
13,2,137.303077000673,0.1405
13,3,129.147191971842,0.1405
13,4,137.015275481452,0.1405
13,5,194.188836520547,0.1405
13,6,97.892659981771,0.1405
13,7,112.288909796046,0.1405
13,8,115.069115617056,0.1405
13,9,88.0192112812529,0.1405
13,10,108.946331896463,0.1405
13,11,101.23853320828,0.1405
13,12,113.178704822188,0.1405
13,13,124.360491840056,0.1405
13,14,214.469449684053,0.1405
13,15,138.69725723909,0.1405
13,16,146.578438021283,0.1405
13,17,111.657983751457,0.1405
13,18,125.21801052404,0.1405
13,19,114.973138988778,0.1405
13,20,83.9497526631917,0.1405
13,21,124.28755724237,0.1405
13,22,120.455879158607,0.1405
13,23,142.494167303368,0.1405
13,24,118.720888088513,0.1405
13,25,68.1755901448902,0.1405
13,26,94.6923859336403,0.1405
13,27,167.171472981364,0.1405
13,28,159.264068871287,0.1405
13,29,77.1915554358357,0.1405
14,0,94.9813036227879,0.1411
14,1,60.2662646657537,0.1411
14,2,172.9951511657,0.1411
14,3,116.088965688901,0.1411
14,4,101.745010232113,0.1411
14,5,83.3036224926734,0.1411
14,6,186.663785352033,0.1411
14,7,190.372723534792,0.1411
14,8,164.79461453145,0.1411
14,9,147.110924884499,0.1411
14,10,146.926678771513,0.1411
14,11,99.5652785031545,0.1411
14,12,116.024081143615,0.1411
14,13,64.1626012588782,0.1411
14,14,156.77484850515,0.1411
14,15,112.691950785256,0.1411
14,16,140.700994434292,0.1411
14,17,128.688109210998,0.1411
14,18,126.656739956698,0.1411
14,19,115.514017621184,0.1411
14,20,102.71337340656,0.1411
14,21,71.0029265205216,0.1411
14,22,193.183398551716,0.1411
14,23,80.3960019825328,0.1411
14,24,121.858652522243,0.1411
14,25,104.571765685914,0.1411
14,26,134.995899986065,0.1411
14,27,144.231386560071,0.1411
14,28,128.057949888864,0.1411
14,29,128.398919956082,0.1411
15,0,196.176333666136,0.141
15,1,68.5569194494267,0.141
15,2,96.2179378780211,0.141
15,3,101.86756736802,0.141
15,4,167.814575361795,0.141
15,5,184.626844057355,0.141
15,6,134.012633549063,0.141
15,7,131.818059131932,0.141
15,8,173.885050442866,0.141
15,9,66.1544529890315,0.141
15,10,97.9022725390018,0.141
15,11,115.28650894677,0.141
15,12,138.467957136212,0.141
15,13,141.833868439726,0.141
15,14,103.645936653137,0.141
15,15,194.473609948694,0.141
15,16,187.211490099196,0.141
15,17,155.849045358141,0.141
15,18,101.6115097315,0.141
15,19,103.48060454105,0.141
15,20,137.056402430684,0.141
15,21,220.349879668991,0.141
15,22,110.305371342174,0.141
15,23,105.540359248706,0.141
15,24,83.406930054852,0.141
15,25,128.463012142649,0.141
15,26,155.81892378683,0.141
15,27,112.995641312378,0.141
15,28,87.6304264551183,0.141
15,29,144.822435161054,0.141
16,0,155.993508487305,0.1413
16,1,87.5370773847725,0.1413
16,2,156.022096356727,0.1413
16,3,104.227590266525,0.1413
16,4,145.855615288844,0.1413
16,5,145.188531919037,0.1413
16,6,118.090131118631,0.1413
16,7,151.366403741173,0.1413
16,8,145.575035228048,0.1413
16,9,160.089113762757,0.1413
16,10,195.149883401742,0.1413
16,11,64.1807027623033,0.1413
16,12,82.7639735083205,0.1413
16,13,95.960336366364,0.1413
16,14,124.111676163229,0.1413
16,15,132.966350600214,0.1413
16,16,87.9696565111198,0.1413
16,17,168.068458527538,0.1413
16,18,171.712253481235,0.1413
16,19,107.599956402437,0.1413
16,20,160.54260946344,0.1413
16,21,156.724132435896,0.1413
16,22,150.649150214175,0.1413
16,23,150.465700842345,0.1413
16,24,136.73099520308,0.1413
16,25,105.452847448966,0.1413
16,26,175.287335865261,0.1413
16,27,155.414663250324,0.1413
16,28,165.851255363377,0.1413
16,29,152.889598906751,0.1413
17,0,126.31392532036,0.1411
17,1,57.5843711951228,0.1411
17,2,173.50066567932,0.1411
17,3,98.9786794250121,0.1411
17,4,170.412892244916,0.1411
17,5,118.278699619405,0.1411
17,6,147.630408128963,0.1411
17,7,114.054066552986,0.1411
17,8,157.180531964063,0.1411
17,9,144.943390330543,0.1411
17,10,61.2449826240584,0.1411
17,11,125.008331732253,0.1411
17,12,95.2117758054965,0.1411
17,13,80.0832623696263,0.1411
17,14,142.289091545995,0.1411
17,15,196.45910283245,0.1411
17,16,54.217043555784,0.1411
17,17,104.583342516316,0.1411
17,18,164.27940485054,0.1411
17,19,151.870431585034,0.1411
17,20,74.1438814226394,0.1411
17,21,142.690322823119,0.1411
17,22,128.089067522791,0.1411
17,23,148.740353206667,0.1411
17,24,110.24079741753,0.1411
17,25,97.1500975735085,0.1411
17,26,102.601516670941,0.1411
17,27,100.524974032556,0.1411
17,28,166.412539929127,0.1411
17,29,175.439224828798,0.1411
18,0,58.3335877567573,0.1413
18,1,139.420911570392,0.1413
18,2,196.03603686475,0.1413
18,3,117.85000316322,0.1413
18,4,114.973537377051,0.1413
18,5,151.040101462242,0.1413
18,6,118.938422274948,0.1413
18,7,47.2164809633791,0.1413
18,8,119.558976293289,0.1413
18,9,181.284024571223,0.1413
18,10,48.8358468219271,0.1413
18,11,51.0864055249954,0.1413
18,12,84.1173932827548,0.1413
18,13,137.984108018626,0.1413
18,14,92.2321653267173,0.1413
18,15,201.959615662478,0.1413
18,16,86.6544917545953,0.1413
18,17,172.604268580374,0.1413
18,18,104.981591978837,0.1413
18,19,152.4407855551,0.1413
18,20,145.526314762154,0.1413
18,21,128.102631240998,0.1413
18,22,218.969741283427,0.1413
18,23,108.33336595593,0.1413
18,24,136.452586666872,0.1413
18,25,68.521134468809,0.1413
18,26,117.040585628763,0.1413
18,27,109.217859219472,0.1413
18,28,163.157988743361,0.1413
18,29,143.271119638953,0.1413
19,0,81.8678933304941,0.1413
19,1,112.214918615871,0.1413
19,2,155.542060709285,0.1413
19,3,45.7965141663598,0.1413
19,4,98.1716229156318,0.1413
19,5,185.418901657485,0.1413
19,6,99.1619246313763,0.1413
19,7,131.298039786904,0.1413
19,8,62.905157573716,0.1413
19,9,131.761316933255,0.1413
19,10,146.234756483665,0.1413
19,11,170.269404789134,0.1413
19,12,118.828119210703,0.1413
19,13,179.754637617035,0.1413
19,14,226.993614664201,0.1413
19,15,124.406928127557,0.1413
19,16,138.917678816277,0.1413
19,17,79.9170062827775,0.1413
19,18,114.435813144266,0.1413
19,19,130.919979918476,0.1413
19,20,101.980484346609,0.1413
19,21,161.506740877961,0.1413
19,22,146.994936218146,0.1413
19,23,98.7318782584365,0.1413
19,24,148.069762512894,0.1413
19,25,141.468924724438,0.1413
19,26,117.270771805519,0.1413
19,27,160.410250053745,0.1413
19,28,80.7340272867047,0.1413
19,29,81.6924602318849,0.1413
20,0,88.3914871117634,0.1409
20,1,67.2853071261569,0.1409
20,2,80.4168035613883,0.1409
20,3,137.218281720635,0.1409
20,4,163.470883756745,0.1409
20,5,189.517533489907,0.1409
20,6,150.040302958158,0.1409
20,7,192.507009837117,0.1409
20,8,151.728800103524,0.1409
20,9,83.6838988608773,0.1409
20,10,86.6073487193575,0.1409
20,11,116.143999534209,0.1409
20,12,100.143861898115,0.1409
20,13,134.21820669101,0.1409
20,14,113.10900029579,0.1409
20,15,131.555225970319,0.1409
20,16,142.552460248541,0.1409
20,17,154.207331705354,0.1409
20,18,211.929971503043,0.1409
20,19,128.35792714485,0.1409
20,20,110.724307076189,0.1409
20,21,117.959568072188,0.1409
20,22,147.080428642956,0.1409
20,23,129.864795236181,0.1409
20,24,145.398428502338,0.1409
20,25,75.9098488761212,0.1409
20,26,87.097587404196,0.1409
20,27,169.749427380151,0.1409
20,28,123.206325496769,0.1409
20,29,148.002030978761,0.1409
21,0,154.536223999315,0.1413
21,1,73.8136337628662,0.1413
21,2,184.683274422705,0.1413
21,3,105.908478476911,0.1413
21,4,98.8959609863842,0.1413
21,5,179.543610744144,0.1413
21,6,125.703660664475,0.1413
21,7,158.794130129789,0.1413
21,8,99.3761999603107,0.1413
21,9,119.181273743975,0.1413
21,10,158.230246064835,0.1413
21,11,120.593474064224,0.1413
21,12,196.532744856609,0.1413
21,13,96.1026288970047,0.1413
21,14,151.169002521792,0.1413
21,15,129.495364677755,0.1413
21,16,97.3765393044897,0.1413
21,17,170.933635447119,0.1413
21,18,93.6973551519489,0.1413
21,19,110.711843389796,0.1413
21,20,124.645033901228,0.1413
21,21,189.295887823368,0.1413
21,22,149.694905437404,0.1413
21,23,92.9685309087918,0.1413
21,24,165.777403111659,0.1413
21,25,82.0003961549269,0.1413
21,26,68.8703980927151,0.1413
21,27,203.402745824314,0.1413
21,28,226.738877989742,0.1413
21,29,105.205976827188,0.1413
22,0,100.827874921579,0.1415
22,1,66.0114937388663,0.1415
22,2,120.370560864171,0.1415
22,3,168.461020983171,0.1415
22,4,130.525192175091,0.1415
22,5,115.172801075209,0.1415
22,6,107.903918337342,0.1415
22,7,66.4397271466754,0.1415
22,8,147.364260407264,0.1415
22,9,113.287599391256,0.1415
22,10,127.215302818775,0.1415
22,11,150.913984233583,0.1415
22,12,160.146215109701,0.1415
22,13,131.080404939294,0.1415
22,14,105.873892584885,0.1415
22,15,99.6433020810397,0.1415
22,16,177.628718242737,0.1415
22,17,97.7737160182681,0.1415
22,18,276.438415076895,0.1415
22,19,187.872990854217,0.1415
22,20,113.734323699331,0.1415
22,21,80.8261676753281,0.1415
22,22,197.516906145579,0.1415
22,23,146.822279027489,0.1415
22,24,184.784353423116,0.1415
22,25,93.4747264938319,0.1415
22,26,134.153291386048,0.1415
22,27,114.999869063091,0.1415
22,28,131.382262845002,0.1415
22,29,146.890587570675,0.1415
23,0,177.085402629423,0.1411
23,1,208.724125253693,0.1411
23,2,61.1324589127537,0.1411
23,3,136.882414026637,0.1411
23,4,103.88444527436,0.1411
23,5,242.824838301732,0.1411
23,6,128.009964681326,0.1411
23,7,99.9552403834383,0.1411
23,8,139.526341265202,0.1411
23,9,189.801495917443,0.1411
23,10,62.4963172811701,0.1411
23,11,85.6431703807989,0.1411
23,12,132.686635592436,0.1411
23,13,103.001614387833,0.1411
23,14,136.500179580928,0.1411
23,15,162.277552302515,0.1411
23,16,126.224330776873,0.1411
23,17,133.657584940454,0.1411
23,18,102.956512346076,0.1411
23,19,110.620232386555,0.1411
23,20,105.528506595031,0.1411
23,21,99.1795261151342,0.1411
23,22,118.738681622108,0.1411
23,23,86.5413169738867,0.1411
23,24,196.191483186117,0.1411
23,25,147.38910974426,0.1411
23,26,196.292191476853,0.1411
23,27,252.668529380019,0.1411
23,28,98.0353939868771,0.1411
23,29,134.613873722564,0.1411
24,0,146.165645892787,0.1404
24,1,116.154196002339,0.1404
24,2,112.59846029857,0.1404
24,3,92.5326379537706,0.1404
24,4,95.0542032980601,0.1404
24,5,79.1040235527988,0.1404
24,6,91.366848498699,0.1404
24,7,202.660495054953,0.1404
24,8,132.843123218137,0.1404
24,9,112.729281432131,0.1404
24,10,52.4172324176046,0.1404
24,11,116.331081540137,0.1404
24,12,164.51459054734,0.1404
24,13,131.439652157083,0.1404
24,14,123.438479387597,0.1404
24,15,107.248801990722,0.1404
24,16,84.406664492205,0.1404
24,17,127.360646347348,0.1404
24,18,116.958748598564,0.1404
24,19,66.6605936647422,0.1404
24,20,167.101694469307,0.1404
24,21,76.2951909190221,0.1404
24,22,76.272738448534,0.1404
24,23,186.257615563917,0.1404
24,24,23.5561344082357,0.1404
24,25,143.206631964911,0.1404
24,26,116.241961410983,0.1404
24,27,153.811042473197,0.1404
24,28,113.342790527516,0.1404
24,29,108.911716374392,0.1404
25,0,108.010955495934,0.1411
25,1,161.551577859779,0.1411
25,2,164.24875316214,0.1411
25,3,169.00768956653,0.1411
25,4,180.752570531933,0.1411
25,5,175.391446024295,0.1411
25,6,179.032768470314,0.1411
25,7,175.03827659625,0.1411
25,8,130.13464667845,0.1411
25,9,161.906224072912,0.1411
25,10,312.40341340327,0.1411
25,11,126.178407796094,0.1411
25,12,116.700410017089,0.1411
25,13,125.912830428801,0.1411
25,14,109.277767318397,0.1411
25,15,89.903847162868,0.1411
25,16,208.631019032784,0.1411
25,17,147.015609375016,0.1411
25,18,85.2491517233489,0.1411
25,19,204.226826554662,0.1411
25,20,165.313578037166,0.1411
25,21,121.282446552028,0.1411
25,22,121.148870212628,0.1411
25,23,160.796915718369,0.1411
25,24,180.588611482378,0.1411
25,25,91.9419599316265,0.1411
25,26,146.246599034347,0.1411
25,27,98.8535470739732,0.1411
25,28,141.524526092735,0.1411
25,29,95.2277745333252,0.1411
26,0,105.628769487132,0.1418
26,1,106.775630357548,0.1418
26,2,169.154117595245,0.1418
26,3,166.362206448914,0.1418
26,4,74.0530517877831,0.1418
26,5,111.076990289563,0.1418
26,6,173.286417281499,0.1418
26,7,122.227671940924,0.1418
26,8,133.020689349132,0.1418
26,9,119.93325092462,0.1418
26,10,154.060758912265,0.1418
26,11,93.00654904104,0.1418
26,12,110.5846313808,0.1418
26,13,123.101124693685,0.1418
26,14,191.971728610906,0.1418
26,15,117.282574691437,0.1418
26,16,63.265481974272,0.1418
26,17,89.950828954334,0.1418
26,18,157.941955530618,0.1418
26,19,132.895855141128,0.1418
26,20,111.71120461424,0.1418
26,21,129.000051769707,0.1418
26,22,138.893235801398,0.1418
26,23,86.0402612712324,0.1418
26,24,117.490017701543,0.1418
26,25,107.991087831578,0.1418
26,26,272.424187306634,0.1418
26,27,159.8083126902,0.1418
26,28,103.234819260867,0.1418
26,29,140.631267769538,0.1418
27,0,134.15527218092,0.1436
27,1,101.320182019563,0.1436
27,2,121.032129515022,0.1436
27,3,105.350626190192,0.1436
27,4,122.020200918661,0.1436
27,5,71.2622702457598,0.1436
27,6,108.88920266495,0.1436
27,7,116.096512363062,0.1436
27,8,126.461351474258,0.1436
27,9,125.30116882366,0.1436
27,10,236.154222497249,0.1436
27,11,76.5133353314007,0.1436
27,12,114.002927712345,0.1436
27,13,154.100631390922,0.1436
27,14,197.503240719629,0.1436
27,15,90.0416811255179,0.1436
27,16,125.336685898759,0.1436
27,17,121.971207172016,0.1436
27,18,149.279391854907,0.1436
27,19,88.7913990496942,0.1436
27,20,100.234248882332,0.1436
27,21,150.599821312948,0.1436
27,22,71.5023755050986,0.1436
27,23,148.458323414288,0.1436
27,24,78.3075597413732,0.1436
27,25,104.625108377718,0.1436
27,26,88.5837092009721,0.1436
27,27,155.079772783735,0.1436
27,28,169.82152458744,0.1436
27,29,148.753981749376,0.1436
28,0,146.434564332862,0.1416
28,1,143.923591526062,0.1416
28,2,143.208999230325,0.1416
28,3,117.201875365997,0.1416
28,4,150.736646937099,0.1416
28,5,133.07522934222,0.1416
28,6,144.613991782143,0.1416
28,7,180.641612663788,0.1416
28,8,145.232710960294,0.1416
28,9,143.757987978776,0.1416
28,10,185.356265492932,0.1416
28,11,112.084053846484,0.1416
28,12,141.993144806388,0.1416
28,13,153.784240652813,0.1416
28,14,141.15367308528,0.1416
28,15,124.650555712417,0.1416
28,16,126.142566578116,0.1416
28,17,122.949824186602,0.1416
28,18,99.447745284166,0.1416
28,19,40.6031461478728,0.1416
28,20,114.327154437832,0.1416
28,21,118.925074850774,0.1416
28,22,191.840593748631,0.1416
28,23,103.202882983739,0.1416
28,24,155.64959726957,0.1416
28,25,119.509112790691,0.1416
28,26,129.714332996325,0.1416
28,27,150.333707709317,0.1416
28,28,134.192346783116,0.1416
28,29,138.899535661099,0.1416
29,0,111.204540269468,0.1404
29,1,143.152768077375,0.1404
29,2,220.03950202886,0.1404
29,3,101.927203559047,0.1404
29,4,199.141030738938,0.1404
29,5,152.463808267486,0.1404
29,6,134.607313619672,0.1404
29,7,96.3616652937979,0.1404
29,8,163.419284027481,0.1404
29,9,147.934170347967,0.1404
29,10,100.934540001663,0.1404
29,11,187.428926182635,0.1404
29,12,100.222935950272,0.1404
29,13,132.898174293545,0.1404
29,14,117.771710358789,0.1404
29,15,159.143146748508,0.1404
29,16,273.201321642127,0.1404
29,17,154.01420739029,0.1404
29,18,165.877094408563,0.1404
29,19,101.071794759004,0.1404
29,20,190.39555342619,0.1404
29,21,192.874591818733,0.1404
29,22,103.72979028987,0.1404
29,23,180.284864481153,0.1404
29,24,179.870324475435,0.1404
29,25,81.6798510920413,0.1404
29,26,127.980628688317,0.1404
29,27,174.614119704183,0.1404
29,28,159.085792323812,0.1404
29,29,168.17645149523,0.1404
0,0,101.200316283525,0.1409
0,1,122.237627689567,0.1409
0,2,154.774764717403,0.1409
0,3,168.258754272599,0.1409
0,4,128.914304833049,0.1409
0,5,133.666943054621,0.1409
0,6,121.537609885602,0.1409
0,7,136.564793840651,0.1409
0,8,156.60865800823,0.1409
0,9,156.148902176297,0.1409
0,10,117.126815669157,0.1409
0,11,91.3933391411389,0.1409
0,12,116.777870661343,0.1409
0,13,66.4381826440772,0.1409
0,14,104.523037297492,0.1409
0,15,76.1134290926793,0.1409
0,16,114.224135608441,0.1409
0,17,71.123635325305,0.1409
0,18,128.941545876565,0.1409
0,19,101.820966674989,0.1409
0,20,72.083341037264,0.1409
0,21,149.941311758821,0.1409
0,22,93.6342635211653,0.1409
0,23,86.0595431611337,0.1409
0,24,74.5745423379845,0.1409
0,25,92.5256505456885,0.1409
0,26,151.115703207389,0.1409
0,27,191.115766271992,0.1409
0,28,97.817370314294,0.1409
0,29,129.869581029703,0.1409
1,0,162.977997891861,0.1409
1,1,149.768726233232,0.1409
1,2,106.872385911554,0.1409
1,3,131.895071326698,0.1409
1,4,221.309812432678,0.1409
1,5,184.399512559091,0.1409
1,6,106.255694247178,0.1409
1,7,133.496417312161,0.1409
1,8,164.862800737983,0.1409
1,9,151.00188444465,0.1409
1,10,71.9295507698804,0.1409
1,11,64.5925956580337,0.1409
1,12,127.988066228724,0.1409
1,13,160.750232038465,0.1409
1,14,120.176079106592,0.1409
1,15,163.385559948597,0.1409
1,16,277.017412272039,0.1409
1,17,212.049058603899,0.1409
1,18,165.293531615611,0.1409
1,19,114.294862931267,0.1409
1,20,84.4030964948903,0.1409
1,21,159.016298466234,0.1409
1,22,97.3181977276981,0.1409
1,23,159.187074140589,0.1409
1,24,161.914944581407,0.1409
1,25,137.027777052072,0.1409
1,26,158.541804743943,0.1409
1,27,109.514100499542,0.1409
1,28,118.824562409998,0.1409
1,29,117.450675227009,0.1409
2,0,77.810351078924,0.1318
2,1,114.22616202147,0.1318
2,2,105.065211128556,0.1318
2,3,167.582238240524,0.1318
2,4,91.0344816479472,0.1318
2,5,107.619073733685,0.1318
2,6,95.0758869595525,0.1318
2,7,158.506799665811,0.1318
2,8,158.217100374624,0.1318
2,9,59.1726150991425,0.1318
2,10,98.9896562876012,0.1318
2,11,196.794679321342,0.1318
2,12,122.207552895699,0.1318
2,13,118.524812182317,0.1318
2,14,190.381919916168,0.1318
2,15,180.475589577728,0.1318
2,16,118.634066497568,0.1318
2,17,136.736331880087,0.1318
2,18,105.005813038475,0.1318
2,19,101.047623475051,0.1318
2,20,97.3116837123365,0.1318
2,21,65.917143198917,0.1318
2,22,76.9061037886235,0.1318
2,23,177.755514359735,0.1318
2,24,115.533779696191,0.1318
2,25,123.325097360367,0.1318
2,26,148.871999838036,0.1318
2,27,46.7711505285101,0.1318
2,28,111.736513580994,0.1318
2,29,118.619312140293,0.1318
3,0,209.154004041909,0.1418
3,1,136.254813041729,0.1418
3,2,155.529649980762,0.1418
3,3,160.251539758034,0.1418
3,4,128.964726385128,0.1418
3,5,264.15644964699,0.1418
3,6,90.248532318363,0.1418
3,7,115.995844143073,0.1418
3,8,77.8573017327987,0.1418
3,9,86.8294648545163,0.1418
3,10,105.913426264065,0.1418
3,11,103.80269243512,0.1418
3,12,145.899108260737,0.1418
3,13,81.3675458785238,0.1418
3,14,73.7881206770517,0.1418
3,15,134.156639365972,0.1418
3,16,176.951655352902,0.1418
3,17,128.047804433829,0.1418
3,18,117.614983433333,0.1418
3,19,141.908826394528,0.1418
3,20,111.072405037768,0.1418
3,21,107.219547675489,0.1418
3,22,115.343229282899,0.1418
3,23,131.641521891097,0.1418
3,24,120.542507926554,0.1418
3,25,121.367050052598,0.1418
3,26,173.217683815683,0.1418
3,27,165.107940798046,0.1418
3,28,156.859801387261,0.1418
3,29,110.37948664981,0.1418
4,0,95.9158076839688,0.1414
4,1,105.903461104343,0.1414
4,2,111.508145981706,0.1414
4,3,174.814442286875,0.1414
4,4,183.958320035299,0.1414
4,5,82.7403103921413,0.1414
4,6,152.094601377704,0.1414
4,7,215.065605778601,0.1414
4,8,132.097840966304,0.1414
4,9,109.912560094016,0.1414
4,10,107.929228723521,0.1414
4,11,65.147666599944,0.1414
4,12,124.641128490977,0.1414
4,13,134.998318349764,0.1414
4,14,54.4375705393169,0.1414
4,15,170.290584874044,0.1414
4,16,175.257474898429,0.1414
4,17,178.523480519527,0.1414
4,18,126.436507557263,0.1414
4,19,77.8604697573418,0.1414
4,20,95.3041062799987,0.1414
4,21,106.954921598648,0.1414
4,22,105.687766886488,0.1414
4,23,56.8979630480183,0.1414
4,24,157.010426924395,0.1414
4,25,116.006403396282,0.1414
4,26,79.921330660832,0.1414
4,27,123.882351913411,0.1414
4,28,99.8884393598663,0.1414
4,29,179.1199850573,0.1414
5,0,67.1208581603108,0.1428
5,1,106.234646283554,0.1428
5,2,137.303077000673,0.1428
5,3,129.147191971842,0.1428
5,4,137.015275481452,0.1428
5,5,194.188836520547,0.1428
5,6,97.892659981771,0.1428
5,7,112.288909796046,0.1428
5,8,115.069115617056,0.1428
5,9,88.0192112812529,0.1428
5,10,108.946331896463,0.1428
5,11,101.23853320828,0.1428
5,12,113.178704822188,0.1428
5,13,124.360491840056,0.1428
5,14,214.469449684053,0.1428
5,15,138.69725723909,0.1428
5,16,146.578438021283,0.1428
5,17,111.657983751457,0.1428
5,18,125.21801052404,0.1428
5,19,114.973138988778,0.1428
5,20,83.9497526631917,0.1428
5,21,124.28755724237,0.1428
5,22,120.455879158607,0.1428
5,23,142.494167303368,0.1428
5,24,118.720888088513,0.1428
5,25,68.1755901448902,0.1428
5,26,94.6923859336403,0.1428
5,27,167.171472981364,0.1428
5,28,159.264068871287,0.1428
5,29,77.1915554358357,0.1428
6,0,94.9813036227879,0.1404
6,1,60.2662646657537,0.1404
6,2,172.9951511657,0.1404
6,3,116.088965688901,0.1404
6,4,101.745010232113,0.1404
6,5,83.3036224926734,0.1404
6,6,186.663785352033,0.1404
6,7,190.372723534792,0.1404
6,8,164.79461453145,0.1404
6,9,147.110924884499,0.1404
6,10,146.926678771513,0.1404
6,11,99.5652785031545,0.1404
6,12,116.024081143615,0.1404
6,13,64.1626012588782,0.1404
6,14,156.77484850515,0.1404
6,15,112.691950785256,0.1404
6,16,140.700994434292,0.1404
6,17,128.688109210998,0.1404
6,18,126.656739956698,0.1404
6,19,115.514017621184,0.1404
6,20,102.71337340656,0.1404
6,21,71.0029265205216,0.1404
6,22,193.183398551716,0.1404
6,23,80.3960019825328,0.1404
6,24,121.858652522243,0.1404
6,25,104.571765685914,0.1404
6,26,134.995899986065,0.1404
6,27,144.231386560071,0.1404
6,28,128.057949888864,0.1404
6,29,128.398919956082,0.1404
7,0,196.176333666136,0.1424
7,1,68.5569194494267,0.1424
7,2,96.2179378780211,0.1424
7,3,101.86756736802,0.1424
7,4,167.814575361795,0.1424
7,5,184.626844057355,0.1424
7,6,134.012633549063,0.1424
7,7,131.818059131932,0.1424
7,8,173.885050442866,0.1424
7,9,66.1544529890315,0.1424
7,10,97.9022725390018,0.1424
7,11,115.28650894677,0.1424
7,12,138.467957136212,0.1424
7,13,141.833868439726,0.1424
7,14,103.645936653137,0.1424
7,15,194.473609948694,0.1424
7,16,187.211490099196,0.1424
7,17,155.849045358141,0.1424
7,18,101.6115097315,0.1424
7,19,103.48060454105,0.1424
7,20,137.056402430684,0.1424
7,21,220.349879668991,0.1424
7,22,110.305371342174,0.1424
7,23,105.540359248706,0.1424
7,24,83.406930054852,0.1424
7,25,128.463012142649,0.1424
7,26,155.81892378683,0.1424
7,27,112.995641312378,0.1424
7,28,87.6304264551183,0.1424
7,29,144.822435161054,0.1424
8,0,155.993508487305,0.1413
8,1,87.5370773847725,0.1413
8,2,156.022096356727,0.1413
8,3,104.227590266525,0.1413
8,4,145.855615288844,0.1413
8,5,145.188531919037,0.1413
8,6,118.090131118631,0.1413
8,7,151.366403741173,0.1413
8,8,145.575035228048,0.1413
8,9,160.089113762757,0.1413
8,10,195.149883401742,0.1413
8,11,64.1807027623033,0.1413
8,12,82.7639735083205,0.1413
8,13,95.960336366364,0.1413
8,14,124.111676163229,0.1413
8,15,132.966350600214,0.1413
8,16,87.9696565111198,0.1413
8,17,168.068458527538,0.1413
8,18,171.712253481235,0.1413
8,19,107.599956402437,0.1413
8,20,160.54260946344,0.1413
8,21,156.724132435896,0.1413
8,22,150.649150214175,0.1413
8,23,150.465700842345,0.1413
8,24,136.73099520308,0.1413
8,25,105.452847448966,0.1413
8,26,175.287335865261,0.1413
8,27,155.414663250324,0.1413
8,28,165.851255363377,0.1413
8,29,152.889598906751,0.1413
9,0,126.31392532036,0.1114
9,1,57.5843711951228,0.1114
9,2,173.50066567932,0.1114
9,3,98.9786794250121,0.1114
9,4,170.412892244916,0.1114
9,5,118.278699619405,0.1114
9,6,147.630408128963,0.1114
9,7,114.054066552986,0.1114
9,8,157.180531964063,0.1114
9,9,144.943390330543,0.1114
9,10,61.2449826240584,0.1114
9,11,125.008331732253,0.1114
9,12,95.2117758054965,0.1114
9,13,80.0832623696263,0.1114
9,14,142.289091545995,0.1114
9,15,196.45910283245,0.1114
9,16,54.217043555784,0.1114
9,17,104.583342516316,0.1114
9,18,164.27940485054,0.1114
9,19,151.870431585034,0.1114
9,20,74.1438814226394,0.1114
9,21,142.690322823119,0.1114
9,22,128.089067522791,0.1114
9,23,148.740353206667,0.1114
9,24,110.24079741753,0.1114
9,25,97.1500975735085,0.1114
9,26,102.601516670941,0.1114
9,27,100.524974032556,0.1114
9,28,166.412539929127,0.1114
9,29,175.439224828798,0.1114
10,0,58.3335877567573,0.1412
10,1,139.420911570392,0.1412
10,2,196.03603686475,0.1412
10,3,117.85000316322,0.1412
10,4,114.973537377051,0.1412
10,5,151.040101462242,0.1412
10,6,118.938422274948,0.1412
10,7,47.2164809633791,0.1412
10,8,119.558976293289,0.1412
10,9,181.284024571223,0.1412
10,10,48.8358468219271,0.1412
10,11,51.0864055249954,0.1412
10,12,84.1173932827548,0.1412
10,13,137.984108018626,0.1412
10,14,92.2321653267173,0.1412
10,15,201.959615662478,0.1412
10,16,86.6544917545953,0.1412
10,17,172.604268580374,0.1412
10,18,104.981591978837,0.1412
10,19,152.4407855551,0.1412
10,20,145.526314762154,0.1412
10,21,128.102631240998,0.1412
10,22,218.969741283427,0.1412
10,23,108.33336595593,0.1412
10,24,136.452586666872,0.1412
10,25,68.521134468809,0.1412
10,26,117.040585628763,0.1412
10,27,109.217859219472,0.1412
10,28,163.157988743361,0.1412
10,29,143.271119638953,0.1412
11,0,81.8678933304941,0.1411
11,1,112.214918615871,0.1411
11,2,155.542060709285,0.1411
11,3,45.7965141663598,0.1411
11,4,98.1716229156318,0.1411
11,5,185.418901657485,0.1411
11,6,99.1619246313763,0.1411
11,7,131.298039786904,0.1411
11,8,62.905157573716,0.1411
11,9,131.761316933255,0.1411
11,10,146.234756483665,0.1411
11,11,170.269404789134,0.1411
11,12,118.828119210703,0.1411
11,13,179.754637617035,0.1411
11,14,226.993614664201,0.1411
11,15,124.406928127557,0.1411
11,16,138.917678816277,0.1411
11,17,79.9170062827775,0.1411
11,18,114.435813144266,0.1411
11,19,130.919979918476,0.1411
11,20,101.980484346609,0.1411
11,21,161.506740877961,0.1411
11,22,146.994936218146,0.1411
11,23,98.7318782584365,0.1411
11,24,148.069762512894,0.1411
11,25,141.468924724438,0.1411
11,26,117.270771805519,0.1411
11,27,160.410250053745,0.1411
11,28,80.7340272867047,0.1411
11,29,81.6924602318849,0.1411
12,0,88.3914871117634,0.141
12,1,67.2853071261569,0.141
12,2,80.4168035613883,0.141
12,3,137.218281720635,0.141
12,4,163.470883756745,0.141
12,5,189.517533489907,0.141
12,6,150.040302958158,0.141
12,7,192.507009837117,0.141
12,8,151.728800103524,0.141
12,9,83.6838988608773,0.141
12,10,86.6073487193575,0.141
12,11,116.143999534209,0.141
12,12,100.143861898115,0.141
12,13,134.21820669101,0.141
12,14,113.10900029579,0.141
12,15,131.555225970319,0.141
12,16,142.552460248541,0.141
12,17,154.207331705354,0.141
12,18,211.929971503043,0.141
12,19,128.35792714485,0.141
12,20,110.724307076189,0.141
12,21,117.959568072188,0.141
12,22,147.080428642956,0.141
12,23,129.864795236181,0.141
12,24,145.398428502338,0.141
12,25,75.9098488761212,0.141
12,26,87.097587404196,0.141
12,27,169.749427380151,0.141
12,28,123.206325496769,0.141
12,29,148.002030978761,0.141
13,0,154.536223999315,0.1413
13,1,73.8136337628662,0.1413
13,2,184.683274422705,0.1413
13,3,105.908478476911,0.1413
13,4,98.8959609863842,0.1413
13,5,179.543610744144,0.1413
13,6,125.703660664475,0.1413
13,7,158.794130129789,0.1413
13,8,99.3761999603107,0.1413
13,9,119.181273743975,0.1413
13,10,158.230246064835,0.1413
13,11,120.593474064224,0.1413
13,12,196.532744856609,0.1413
13,13,96.1026288970047,0.1413
13,14,151.169002521792,0.1413
13,15,129.495364677755,0.1413
13,16,97.3765393044897,0.1413
13,17,170.933635447119,0.1413
13,18,93.6973551519489,0.1413
13,19,110.711843389796,0.1413
13,20,124.645033901228,0.1413
13,21,189.295887823368,0.1413
13,22,149.694905437404,0.1413
13,23,92.9685309087918,0.1413
13,24,165.777403111659,0.1413
13,25,82.0003961549269,0.1413
13,26,68.8703980927151,0.1413
13,27,203.402745824314,0.1413
13,28,226.738877989742,0.1413
13,29,105.205976827188,0.1413
14,0,100.827874921579,0.1417
14,1,66.0114937388663,0.1417
14,2,120.370560864171,0.1417
14,3,168.461020983171,0.1417
14,4,130.525192175091,0.1417
14,5,115.172801075209,0.1417
14,6,107.903918337342,0.1417
14,7,66.4397271466754,0.1417
14,8,147.364260407264,0.1417
14,9,113.287599391256,0.1417
14,10,127.215302818775,0.1417
14,11,150.913984233583,0.1417
14,12,160.146215109701,0.1417
14,13,131.080404939294,0.1417
14,14,105.873892584885,0.1417
14,15,99.6433020810397,0.1417
14,16,177.628718242737,0.1417
14,17,97.7737160182681,0.1417
14,18,276.438415076895,0.1417
14,19,187.872990854217,0.1417
14,20,113.734323699331,0.1417
14,21,80.8261676753281,0.1417
14,22,197.516906145579,0.1417
14,23,146.822279027489,0.1417
14,24,184.784353423116,0.1417
14,25,93.4747264938319,0.1417
14,26,134.153291386048,0.1417
14,27,114.999869063091,0.1417
14,28,131.382262845002,0.1417
14,29,146.890587570675,0.1417
15,0,177.085402629423,0.1412
15,1,208.724125253693,0.1412
15,2,61.1324589127537,0.1412
15,3,136.882414026637,0.1412
15,4,103.88444527436,0.1412
15,5,242.824838301732,0.1412
15,6,128.009964681326,0.1412
15,7,99.9552403834383,0.1412
15,8,139.526341265202,0.1412
15,9,189.801495917443,0.1412
15,10,62.4963172811701,0.1412
15,11,85.6431703807989,0.1412
15,12,132.686635592436,0.1412
15,13,103.001614387833,0.1412
15,14,136.500179580928,0.1412
15,15,162.277552302515,0.1412
15,16,126.224330776873,0.1412
15,17,133.657584940454,0.1412
15,18,102.956512346076,0.1412
15,19,110.620232386555,0.1412
15,20,105.528506595031,0.1412
15,21,99.1795261151342,0.1412
15,22,118.738681622108,0.1412
15,23,86.5413169738867,0.1412
15,24,196.191483186117,0.1412
15,25,147.38910974426,0.1412
15,26,196.292191476853,0.1412
15,27,252.668529380019,0.1412
15,28,98.0353939868771,0.1412
15,29,134.613873722564,0.1412
16,0,146.165645892787,0.1407
16,1,116.154196002339,0.1407
16,2,112.59846029857,0.1407
16,3,92.5326379537706,0.1407
16,4,95.0542032980601,0.1407
16,5,79.1040235527988,0.1407
16,6,91.366848498699,0.1407
16,7,202.660495054953,0.1407
16,8,132.843123218137,0.1407
16,9,112.729281432131,0.1407
16,10,52.4172324176046,0.1407
16,11,116.331081540137,0.1407
16,12,164.51459054734,0.1407
16,13,131.439652157083,0.1407
16,14,123.438479387597,0.1407
16,15,107.248801990722,0.1407
16,16,84.406664492205,0.1407
16,17,127.360646347348,0.1407
16,18,116.958748598564,0.1407
16,19,66.6605936647422,0.1407
16,20,167.101694469307,0.1407
16,21,76.2951909190221,0.1407
16,22,76.272738448534,0.1407
16,23,186.257615563917,0.1407
16,24,23.5561344082357,0.1407
16,25,143.206631964911,0.1407
16,26,116.241961410983,0.1407
16,27,153.811042473197,0.1407
16,28,113.342790527516,0.1407
16,29,108.911716374392,0.1407
17,0,108.010955495934,0.141
17,1,161.551577859779,0.141
17,2,164.24875316214,0.141
17,3,169.00768956653,0.141
17,4,180.752570531933,0.141
17,5,175.391446024295,0.141
17,6,179.032768470314,0.141
17,7,175.03827659625,0.141
17,8,130.13464667845,0.141
17,9,161.906224072912,0.141
17,10,312.40341340327,0.141
17,11,126.178407796094,0.141
17,12,116.700410017089,0.141
17,13,125.912830428801,0.141
17,14,109.277767318397,0.141
17,15,89.903847162868,0.141
17,16,208.631019032784,0.141
17,17,147.015609375016,0.141
17,18,85.2491517233489,0.141
17,19,204.226826554662,0.141
17,20,165.313578037166,0.141
17,21,121.282446552028,0.141
17,22,121.148870212628,0.141
17,23,160.796915718369,0.141
17,24,180.588611482378,0.141
17,25,91.9419599316265,0.141
17,26,146.246599034347,0.141
17,27,98.8535470739732,0.141
17,28,141.524526092735,0.141
17,29,95.2277745333252,0.141
18,0,105.628769487132,0.1416
18,1,106.775630357548,0.1416
18,2,169.154117595245,0.1416
18,3,166.362206448914,0.1416
18,4,74.0530517877831,0.1416
18,5,111.076990289563,0.1416
18,6,173.286417281499,0.1416
18,7,122.227671940924,0.1416
18,8,133.020689349132,0.1416
18,9,119.93325092462,0.1416
18,10,154.060758912265,0.1416
18,11,93.00654904104,0.1416
18,12,110.5846313808,0.1416
18,13,123.101124693685,0.1416
18,14,191.971728610906,0.1416
18,15,117.282574691437,0.1416
18,16,63.265481974272,0.1416
18,17,89.950828954334,0.1416
18,18,157.941955530618,0.1416
18,19,132.895855141128,0.1416
18,20,111.71120461424,0.1416
18,21,129.000051769707,0.1416
18,22,138.893235801398,0.1416
18,23,86.0402612712324,0.1416
18,24,117.490017701543,0.1416
18,25,107.991087831578,0.1416
18,26,272.424187306634,0.1416
18,27,159.8083126902,0.1416
18,28,103.234819260867,0.1416
18,29,140.631267769538,0.1416
19,0,134.15527218092,0.1409
19,1,101.320182019563,0.1409
19,2,121.032129515022,0.1409
19,3,105.350626190192,0.1409
19,4,122.020200918661,0.1409
19,5,71.2622702457598,0.1409
19,6,108.88920266495,0.1409
19,7,116.096512363062,0.1409
19,8,126.461351474258,0.1409
19,9,125.30116882366,0.1409
19,10,236.154222497249,0.1409
19,11,76.5133353314007,0.1409
19,12,114.002927712345,0.1409
19,13,154.100631390922,0.1409
19,14,197.503240719629,0.1409
19,15,90.0416811255179,0.1409
19,16,125.336685898759,0.1409
19,17,121.971207172016,0.1409
19,18,149.279391854907,0.1409
19,19,88.7913990496942,0.1409
19,20,100.234248882332,0.1409
19,21,150.599821312948,0.1409
19,22,71.5023755050986,0.1409
19,23,148.458323414288,0.1409
19,24,78.3075597413732,0.1409
19,25,104.625108377718,0.1409
19,26,88.5837092009721,0.1409
19,27,155.079772783735,0.1409
19,28,169.82152458744,0.1409
19,29,148.753981749376,0.1409
20,0,146.434564332862,0.1412
20,1,143.923591526062,0.1412
20,2,143.208999230325,0.1412
20,3,117.201875365997,0.1412
20,4,150.736646937099,0.1412
20,5,133.07522934222,0.1412
20,6,144.613991782143,0.1412
20,7,180.641612663788,0.1412
20,8,145.232710960294,0.1412
20,9,143.757987978776,0.1412
20,10,185.356265492932,0.1412
20,11,112.084053846484,0.1412
20,12,141.993144806388,0.1412
20,13,153.784240652813,0.1412
20,14,141.15367308528,0.1412
20,15,124.650555712417,0.1412
20,16,126.142566578116,0.1412
20,17,122.949824186602,0.1412
20,18,99.447745284166,0.1412
20,19,40.6031461478728,0.1412
20,20,114.327154437832,0.1412
20,21,118.925074850774,0.1412
20,22,191.840593748631,0.1412
20,23,103.202882983739,0.1412
20,24,155.64959726957,0.1412
20,25,119.509112790691,0.1412
20,26,129.714332996325,0.1412
20,27,150.333707709317,0.1412
20,28,134.192346783116,0.1412
20,29,138.899535661099,0.1412
21,0,111.204540269468,0.1404
21,1,143.152768077375,0.1404
21,2,220.03950202886,0.1404
21,3,101.927203559047,0.1404
21,4,199.141030738938,0.1404
21,5,152.463808267486,0.1404
21,6,134.607313619672,0.1404
21,7,96.3616652937979,0.1404
21,8,163.419284027481,0.1404
21,9,147.934170347967,0.1404
21,10,100.934540001663,0.1404
21,11,187.428926182635,0.1404
21,12,100.222935950272,0.1404
21,13,132.898174293545,0.1404
21,14,117.771710358789,0.1404
21,15,159.143146748508,0.1404
21,16,273.201321642127,0.1404
21,17,154.01420739029,0.1404
21,18,165.877094408563,0.1404
21,19,101.071794759004,0.1404
21,20,190.39555342619,0.1404
21,21,192.874591818733,0.1404
21,22,103.72979028987,0.1404
21,23,180.284864481153,0.1404
21,24,179.870324475435,0.1404
21,25,81.6798510920413,0.1404
21,26,127.980628688317,0.1404
21,27,174.614119704183,0.1404
21,28,159.085792323812,0.1404
21,29,168.17645149523,0.1404
22,0,152.782598431262,0.1407
22,1,143.238686140892,0.1407
22,2,107.422068110984,0.1407
22,3,87.6734860610484,0.1407
22,4,149.503355268549,0.1407
22,5,149.306998182279,0.1407
22,6,139.181404612265,0.1407
22,7,98.3922144525454,0.1407
22,8,194.426991501678,0.1407
22,9,166.305908342261,0.1407
22,10,183.548371261752,0.1407
22,11,132.205264112487,0.1407
22,12,130.115906841126,0.1407
22,13,80.4799056532746,0.1407
22,14,188.265315268191,0.1407
22,15,120.186673879034,0.1407
22,16,97.9668264401512,0.1407
22,17,75.8200423508152,0.1407
22,18,102.01786366639,0.1407
22,19,140.317734717565,0.1407
22,20,184.463599830247,0.1407
22,21,172.503813266057,0.1407
22,22,226.109489976668,0.1407
22,23,196.150602725618,0.1407
22,24,137.380714794484,0.1407
22,25,207.192692941056,0.1407
22,26,191.717149037162,0.1407
22,27,82.7741480702238,0.1407
22,28,137.03382951258,0.1407
22,29,125.733591008796,0.1407
23,0,93.2239151383925,0.1419
23,1,172.592638913466,0.1419
23,2,126.978502280701,0.1419
23,3,169.625538715909,0.1419
23,4,103.659387090859,0.1419
23,5,103.885988434968,0.1419
23,6,132.093444806491,0.1419
23,7,112.666061183712,0.1419
23,8,144.65618739424,0.1419
23,9,91.4944557761889,0.1419
23,10,123.829944615544,0.1419
23,11,148.711178304714,0.1419
23,12,134.76998771271,0.1419
23,13,128.374238340789,0.1419
23,14,180.924691175753,0.1419
23,15,119.452059934211,0.1419
23,16,216.607746002467,0.1419
23,17,209.517888794885,0.1419
23,18,174.277159653362,0.1419
23,19,156.760680916824,0.1419
23,20,104.373812039718,0.1419
23,21,177.717886537479,0.1419
23,22,193.920297374695,0.1419
23,23,110.803945941299,0.1419
23,24,121.134039971245,0.1419
23,25,83.738040749107,0.1419
23,26,118.901149068208,0.1419
23,27,107.064803031371,0.1419
23,28,201.804528844619,0.1419
23,29,72.3417938761195,0.1419
24,0,126.882766119991,0.1417
24,1,158.995515078969,0.1417
24,2,164.187504531734,0.1417
24,3,131.054890669541,0.1417
24,4,65.4274704145147,0.1417
24,5,84.0348181446576,0.1417
24,6,69.7954658282196,0.1417
24,7,129.310533909286,0.1417
24,8,136.886555346929,0.1417
24,9,98.1711246126385,0.1417
24,10,141.789237914041,0.1417
24,11,99.4529664069199,0.1417
24,12,149.301054282606,0.1417
24,13,160.928915960448,0.1417
24,14,137.553115997523,0.1417
24,15,101.277629624093,0.1417
24,16,84.5929878567441,0.1417
24,17,66.3282968125004,0.1417
24,18,98.6067634075339,0.1417
24,19,113.750898141586,0.1417
24,20,105.767246311338,0.1417
24,21,173.56994429343,0.1417
24,22,158.785093031166,0.1417
24,23,94.5352663630591,0.1417
24,24,83.8300474398393,0.1417
24,25,66.8052994011197,0.1417
24,26,175.561363411449,0.1417
24,27,104.064038292295,0.1417
24,28,71.4956717048047,0.1417
24,29,181.832108542166,0.1417
25,0,127.653495049094,0.1406
25,1,74.3762938924475,0.1406
25,2,128.636102584266,0.1406
25,3,28.8599073063973,0.1406
25,4,179.001964663315,0.1406
25,5,138.063687486737,0.1406
25,6,119.871942187899,0.1406
25,7,148.628224085964,0.1406
25,8,114.852982492451,0.1406
25,9,167.406588218617,0.1406
25,10,109.898748434511,0.1406
25,11,82.3968921047217,0.1406
25,12,193.768174093312,0.1406
25,13,63.0608170206624,0.1406
25,14,204.419237257749,0.1406
25,15,77.817207908893,0.1406
25,16,179.689906250868,0.1406
25,17,117.499717958645,0.1406
25,18,209.009708224275,0.1406
25,19,67.8689739111274,0.1406
25,20,126.292735505201,0.1406
25,21,195.246011421296,0.1406
25,22,119.557377121448,0.1406
25,23,76.6946194845259,0.1406
25,24,179.982121697923,0.1406
25,25,105.639966585947,0.1406
25,26,100.342739039953,0.1406
25,27,220.310774516522,0.1406
25,28,224.642832430153,0.1406
25,29,146.968790680409,0.1406
26,0,179.275579090027,0.141
26,1,188.023935469052,0.141
26,2,139.044131123647,0.141
26,3,80.7816563362536,0.141
26,4,159.211963182095,0.141
26,5,142.434263673965,0.141
26,6,177.652150060956,0.141
26,7,154.519228017179,0.141
26,8,178.33081695038,0.141
26,9,117.99951380943,0.141
26,10,123.423237884498,0.141
26,11,205.111734218279,0.141
26,12,100.84523791977,0.141
26,13,150.929164926057,0.141
26,14,109.536733874807,0.141
26,15,160.361989722623,0.141
26,16,122.603839616232,0.141
26,17,114.174949521036,0.141
26,18,81.3197853378538,0.141
26,19,72.1833600973763,0.141
26,20,132.053239302198,0.141
26,21,246.177901143165,0.141
26,22,92.6831240093713,0.141
26,23,95.1379349487034,0.141
26,24,74.2229240050936,0.141
26,25,138.538622125106,0.141
26,26,148.230443773521,0.141
26,27,61.5626136638256,0.141
26,28,104.088418205152,0.141
26,29,198.94301562736,0.141
27,0,134.745786922518,0.1411
27,1,179.862014140758,0.1411
27,2,115.877831119776,0.1411
27,3,205.312748863473,0.1411
27,4,213.811443380716,0.1411
27,5,58.177332865912,0.1411
27,6,71.5527663777634,0.1411
27,7,108.769335063654,0.1411
27,8,222.497873415252,0.1411
27,9,124.342686685322,0.1411
27,10,105.789496042862,0.1411
27,11,166.951038719969,0.1411
27,12,180.133240286813,0.1411
27,13,107.413331300651,0.1411
27,14,139.961343311491,0.1411
27,15,89.338640350363,0.1411
27,16,80.6998217562082,0.1411
27,17,113.813549889554,0.1411
27,18,115.662929335816,0.1411
27,19,108.383711241408,0.1411
27,20,77.6489241408397,0.1411
27,21,124.365479491055,0.1411
27,22,137.391409453046,0.1411
27,23,121.214285263347,0.1411
27,24,145.920699193861,0.1411
27,25,99.1741926507001,0.1411
27,26,94.5374743622945,0.1411
27,27,316.476033352061,0.1411
27,28,194.530469349548,0.1411
27,29,135.670559458139,0.1411
28,0,159.701391799331,0.1406
28,1,144.702345500985,0.1406
28,2,158.869814449978,0.1406
28,3,187.131419828868,0.1406
28,4,156.353314492065,0.1406
28,5,111.816277534152,0.1406
28,6,163.002820666526,0.1406
28,7,178.992825059237,0.1406
28,8,90.4222823962785,0.1406
28,9,95.982379988498,0.1406
28,10,90.0571881624297,0.1406
28,11,90.9288045856434,0.1406
28,12,145.897031327453,0.1406
28,13,148.641857924437,0.1406
28,14,98.3937777298922,0.1406
28,15,222.491214802888,0.1406
28,16,134.833933389179,0.1406
28,17,111.962720904737,0.1406
28,18,34.5871516464013,0.1406
28,19,72.4653358596174,0.1406
28,20,86.2535128360374,0.1406
28,21,84.5777099755985,0.1406
28,22,81.8366671762443,0.1406
28,23,120.37737564507,0.1406
28,24,153.283470988678,0.1406
28,25,120.766496279399,0.1406
28,26,88.5971168171925,0.1406
28,27,150.136911782422,0.1406
28,28,105.335289682138,0.1406
28,29,201.709974378351,0.1406
29,0,73.0683031506316,0.1413
29,1,137.255757255181,0.1413
29,2,112.398246916189,0.1413
29,3,127.511423043934,0.1413
29,4,99.9789660121075,0.1413
29,5,67.6611021401073,0.1413
29,6,249.211084774234,0.1413
29,7,99.1309139561817,0.1413
29,8,185.389597771593,0.1413
29,9,80.5255115674607,0.1413
29,10,147.975762420557,0.1413
29,11,118.007476323928,0.1413
29,12,148.591422125668,0.1413
29,13,128.920469194822,0.1413
29,14,93.1356563936515,0.1413
29,15,163.134293292117,0.1413
29,16,120.655495503616,0.1413
29,17,89.2847857845021,0.1413
29,18,58.1806360283044,0.1413
29,19,174.058094167027,0.1413
29,20,101.83714507681,0.1413
29,21,118.045573619417,0.1413
29,22,135.621815680751,0.1413
29,23,135.466323243198,0.1413
29,24,128.510415052753,0.1413
29,25,127.350871169414,0.1413
29,26,111.031476459363,0.1413
29,27,144.46755031784,0.1413
29,28,216.655623487483,0.1413
29,29,165.452026952479,0.1413
